+15197040571
+16472437543
+17783829906
+213552068875
+31205327936
+31338080457
+31338080754
+31610119057
+31610333586
+31610609983
+31610741477
+31610826523
+31615569893
+31615569896
+31616023677
+31616054831
+31616165661
+31616273449
+31616587915
+31616703097
+31616707594
+31616720137
+31616771092
+31616863910
+31616868287
+31616891357
+31617060028
+31617448219
+31617667599
+31617858579
+31619108716
+31619201277
+31620082417
+31620106627
+31620222677
+31620376074
+31620508275
+31620580067
+31620622469
+31620776476
+31620790267
+31620922360
+31623028144
+31623240271
+31626130832
+31626171788
+31626212613
+31626487609
+31631303865
+31631304453
+31631344189
+31631344195
+31631344209
+31631344453
+31645079821
+31645103936
+31645289497
+31645358522
+31645539098
+31651402715
+31651503080
+31651519631
+31651555466
+31651704505
+31651726483
+31651743030
+31651756192
+31651821099
+31653950810
+31657491942
+31657634522
+31851072798
+31851074634
+31851074665
+31851074749
+31852081685
+31852081860
+31852082792
+31852083035
+31852083092
+31852083194
+31852083505
+31852084737
+31852084931
+31852085523
+31852087966
+31858882246
+31858886101
+31858888101
+31858888128
+31858888235
+31858888486
+31858888567
+3197010270195
+3197010278227
+32468641174
+32468641374
+32468641574
+32468641674
+32468641874
+32468641974
+32468642374
+32468642474
+32468642574
+32468642774
+32468642874
+32468642974
+32468643174
+32468643274
+32468643374
+32468643574
+32468643674
+32468643774
+32468643874
+32468643974
+32468644174
+32468644274
+32468644574
+32468644674
+32468644774
+32468644874
+32468645074
+32468645174
+32468645274
+32468645474
+32468645574
+32468645674
+32468645774
+32468645974
+32468646074
+32468646174
+32468646274
+32468646374
+32468646474
+32468646674
+32468646774
+32468646874
+32468647074
+32468647174
+32468647274
+32468647374
+32468647474
+32468647574
+32468647674
+32468647774
+32468647974
+32468648074
+32468648174
+32468648274
+32468648374
+32468648474
+32468648674
+32468648774
+32468648874
+32468648974
+32468649074
+32468649174
+32468649274
+32468649374
+32468649474
+32468649574
+32468649674
+32468649774
+32473798878
+32488980247
+33744153408
+33745463374
+33753156201
+33759879573
+34242
+34604010381
+34604010669
+34604010786
+34604010989
+34604031018
+34604060985
+34605022006
+34605055408
+34617208198
+34617798694
+34621125976
+34621141004
+34621188392
+34621194507
+34621199977
+34621427059
+34626540277
+34627287061
+34633854994
+34635362989
+34635923609
+34640008718
+34640010375
+34640010430
+34640010442
+34640010445
+34640010490
+34640010554
+34640010588
+34640010591
+34640012148
+34640012149
+34651461066
+34652661602
+34657589476
+34657593820
+34657930948
+34657932031
+34657932804
+34658129685
+34658129866
+346629035859546
+34678930238
+34691284028
+34693112269
+34694308145
+34722579130
+34727711302
+34815054310
+34815054375
+34815054379
+34815060003
+34815079362
+34822267935
+34822280528
+34822352517
+34825751046
+34825751120
+34825751124
+34825775753
+34828647925
+34828742201
+34842907805
+34842907815
+34842907837
+34846636003
+34846636220
+34851991610
+34851991611
+34851991612
+34854562114
+34854568104
+34854568159
+34854568574
+34854568599
+34854568628
+34854568955
+34854569119
+34854569151
+34854581977
+34854587216
+34854631576
+34854632070
+34854632071
+34854790935
+34854794012
+34854794015
+34854794046
+34854794062
+34854794165
+34854794206
+34854794272
+34854794480
+34854851014
+34854851062
+34854851128
+34854851172
+34854851213
+34854851236
+34854851336
+34854851339
+34854851342
+34854851362
+34854851368
+34854851394
+34854851409
+34854851416
+34854851418
+34854851424
+34854851426
+34854851429
+34854851434
+34854851437
+34854852303
+34854852306
+34854852321
+34854852332
+34854852375
+34854852395
+34854852407
+34854852416
+34854852427
+34854852431
+34854852434
+34854852436
+34854852448
+34854852449
+34854852457
+34854852462
+34854852464
+34854852472
+34854852478
+34854852482
+34854852483
+34854852484
+34854852496
+34854852507
+34854852508
+34854852527
+34854852529
+34854852532
+34854852542
+34854852549
+34854852573
+34854852581
+34854852582
+34854852584
+34854852617
+34854852695
+34854852707
+34854852742
+34854852747
+34854852753
+34854852759
+34854852762
+34854852769
+34854852778
+34854852792
+34854852948
+34857800176
+34858953885
+34858990383
+34858990384
+34858990385
+34858990386
+34865449504
+34865449505
+34865486533
+34865486691
+34865488696
+34865488846
+34865488902
+34865488933
+34865488966
+34865488976
+34865488985
+34865489055
+34865489091
+34865489233
+34865489249
+34865489302
+34865861013
+34865861093
+34865861104
+34865861114
+34865861124
+34865861128
+34865861189
+34865861271
+34865861275
+34865861284
+34865861303
+34865861314
+34865861345
+34865861352
+34865861367
+34865861379
+34865861393
+34865861403
+34865861412
+34865861419
+34865861424
+34865861431
+34865861442
+34865861541
+34865861562
+34865861594
+34865861601
+34865861617
+34865861623
+34865861645
+34865861657
+34865861672
+34865861691
+34865861695
+34865861731
+34865861772
+34865861781
+34865861792
+34865861794
+34865861908
+34865861915
+34865861991
+34865861994
+34865862008
+34865862012
+34865862017
+34865862032
+34865862035
+34865862041
+34865862047
+34865862069
+34865862082
+34865862092
+34865862094
+34865862329
+34865862342
+34865862376
+34865862397
+34865862427
+34865862451
+34865862472
+34865862484
+34865862494
+34865862497
+34865862507
+34865862547
+34865862559
+34865862574
+34865862584
+34865862585
+34865862618
+34865862628
+34865862684
+34865862689
+34865862701
+34865862704
+34865862707
+34865862712
+34865862725
+34865862737
+34865862738
+34865862739
+34865862747
+34865862763
+34865862769
+34865862773
+34865862775
+34865862779
+34865862783
+34865862902
+34865862905
+34865862916
+34865862923
+34865862948
+34865862968
+34865862973
+34865862976
+34865862981
+34865862985
+34865862991
+34865862993
+34865862997
+34865863003
+34865863008
+34865863012
+34865863014
+34865863032
+34865863038
+34865863054
+34865863062
+34868201025
+34868201053
+34868201105
+34868201152
+34868201347
+34868201426
+34868201453
+34868201463
+34868201474
+34868201523
+34868201602
+34868201609
+34868201621
+34868201628
+34868201637
+34868201642
+34868201646
+34868201651
+34868201661
+34868201665
+34868201673
+34868201679
+34868201697
+34868201705
+34868201734
+34868201741
+34868201749
+34868201756
+34868201767
+34868201774
+34868201783
+34868201791
+34868201796
+34868201798
+34868201821
+34868201831
+34868201835
+34868201843
+34868201849
+34868201854
+34868202478
+34868202513
+34868202531
+34868202532
+34868202543
+34868202553
+34868202567
+34868202578
+34868202582
+34868202587
+34868202591
+34868202593
+34868202601
+34868202604
+34868202606
+34868202608
+34868202609
+34868202614
+34868202615
+34868202617
+34868202632
+34868202637
+34868202639
+34868202652
+34868202659
+34868202662
+34868202663
+34868202669
+34868202675
+34868202683
+34868202686
+34868202696
+34868202698
+34868202708
+34868202718
+34868202734
+34868202737
+34868202741
+34868202746
+34868202752
+34868202758
+34868202767
+34868202771
+34868202776
+34868202781
+34868202782
+34868202786
+34868202791
+34868202794
+34868202796
+34868202797
+34868202804
+34868202808
+34868202812
+34868202815
+34868202835
+34868202863
+34868202881
+34868202892
+34868358915
+34868681633
+34868684061
+34868684068
+34868684070
+34868684257
+34868685218
+34868685422
+34868685461
+34868685471
+34868685771
+34868685796
+34871248916
+34871623377
+34871623532
+34871623533
+34871623534
+34871623549
+34871623550
+34871623551
+34871623578
+34871623579
+34871624754
+34872225046
+34873611187
+34876120105
+34876120106
+34876216923
+34876402195
+34876402238
+34876402249
+34876402261
+34876402271
+34876402279
+34876402283
+34876402287
+34876402296
+34876402364
+34876402379
+34876402506
+34876402516
+34876402524
+34876402528
+34876402529
+34876402538
+34876402541
+34876402562
+34876402573
+34876402574
+34876402591
+34876402624
+34876402693
+34876402705
+34876402725
+34876402742
+34876402758
+34876402768
+34876402787
+34876402807
+34876402813
+34876503929
+34876664654
+34876664663
+34876664664
+34876664665
+34876664696
+34876664701
+34876664723
+34876664726
+34876664727
+34876664734
+34876664745
+34876664759
+34876664808
+34876664836
+34876664839
+34876664850
+34876664858
+34876664909
+34876664910
+34876664920
+34876664921
+34876664922
+34876664923
+34876665951
+34877266045
+34877452154
+34881150958
+34881150962
+34881150965
+34881152140
+34881152235
+34881152344
+34881358959
+34883893702
+34886198491
+34886198492
+34886198493
+34886198641
+34900494055
+34900499101
+34900906787
+34900908861
+34910052270
+34910053298
+34910087333
+34910203725
+34910203782
+34910210789
+34910613072
+34910623860
+34910629715
+34910629750
+34910629770
+34910629820
+34910629828
+34910629836
+34910629895
+34910629902
+34910629916
+34910793304
+34910793330
+34910793686
+34910793884
+34910793905
+34910793968
+34910794511
+34910861548
+34910869162
+34910880349
+34910956590
+34911081795
+34911082604
+34911083536
+34911084179
+34911084197
+34911086273
+34911086527
+34911088648
+34911089539
+34911091475
+34911092719
+34911093723
+34911094639
+34911094790
+34911094858
+34911095218
+34911095314
+34911095570
+34911096513
+34911098329
+34911172413
+34911174174
+34911174184
+34911175958
+34911176321
+34911176323
+34911177224
+34911177250
+34911177758
+34911178210
+34911179529
+34911179672
+34911190139
+34911283833
+34911284764
+34911285121
+34911285139
+34911300752
+34911300759
+34911332324
+34911336927
+34911418352
+34911453510
+34911595315
+34911595402
+34911598405
+34911821273
+34911945110
+34911946210
+34911946211
+34911969175
+34911969176
+34911974361
+34911974609
+34911974614
+34911974619
+34911974626
+34911975041
+34911975043
+34911975049
+34911975052
+34911975054
+34911975091
+34912222123
+34912257123
+34912476868
+34912616801
+34912712906
+34913750896
+34914187988
+34914289003
+34914289009
+34914289010
+34914289015
+34914289016
+34914289037
+34914289041
+34914289045
+34914289046
+34914289047
+34914289051
+34914289063
+34914289073
+34914289077
+34914289083
+34914289092
+34914289097
+34914566686
+34915578390
+34916258311
+34916439853
+34917371883
+34917373210
+34917373357
+34917375127
+34917718317
+34917718320
+34917790572
+34917790870
+34917877834
+34917877886
+34917878577
+34917886813
+34917928431
+34917938541
+34917938564
+34917938589
+34917938664
+34917938674
+34917938677
+34917938679
+34917938763
+34918055651
+34918056872
+34918286230
+34918286238
+34918286263
+34918286291
+34918286330
+34918286347
+34918286764
+34918286895
+34918358826
+34918364489
+34919074041
+34919076725
+34919340048
+34919431361
+34919432384
+34919435887
+34919442308
+34919442309
+34919445897
+34919462212
+34919462214
+34919462224
+34919462225
+34919462226
+34919462227
+34919462272
+34919462311
+34919462312
+34919462316
+34919462437
+34919462489
+34919462491
+34919462505
+34919462515
+34919462524
+34919462546
+34919462564
+34919462573
+34919462596
+34919462644
+34919462650
+34919462682
+34919462825
+34919462840
+34919462919
+34919462936
+34919462940
+34919462941
+34919462962
+34919462991
+34919462995
+34919490312
+34919521521
+34919532137
+34919545696
+34919550033
+34919550042
+34919590117
+34919590132
+34919590244
+34919590752
+34919590802
+34919591041
+34919591308
+34919591357
+34919591416
+34919591485
+34919591488
+34919591498
+34919591512
+34919591517
+34919591528
+34919591529
+34919591531
+34919591532
+34919591537
+34919591539
+34919591540
+34919591543
+34919591547
+34919591554
+34919591555
+34919591557
+34919591558
+34919591559
+34919591565
+34919591627
+34919591628
+34919591634
+34919591636
+34919591639
+34919591721
+34919591768
+34919591798
+34919591809
+34919591877
+34919591962
+34919591975
+34919592174
+34919592216
+34919594621
+34919594673
+34919596338
+34919596682
+34919602883
+34919703383
+34919704023
+34919704076
+34919704918
+34919892744
+34919894213
+34919894674
+34919895089
+34919896127
+34919898339
+34919898377
+34919898654
+34919899795
+34919899886
+34919899894
+34919899933
+34919899942
+34919899986
+34919920860
+34919921688
+34919975558
+34919975594
+34919975654
+34919976609
+34919976631
+34919976639
+34919976641
+34919976758
+34919976886
+34919976895
+34919976926
+34919976957
+34919977032
+34919977323
+34919977348
+34919977383
+34919977405
+34919978624
+34919978640
+34919978662
+34919978674
+34919978757
+34919978991
+34919978998
+34919979344
+34919979362
+34919979487
+34920502171
+34921311899
+34924290689
+34924291368
+34924291379
+34924292268
+34924293594
+34926401929
+34926402413
+34926404170
+34926683318
+34927766492
+34927770839
+34927779634
+34927779635
+34927832118
+34927832357
+34927833017
+34927833045
+34927833050
+34927952465
+34927952650
+34928974240
+34930473915
+34930473927
+34930473928
+34930473935
+34930473936
+34930473941
+34930475230
+34930479670
+34930487031
+34930487082
+34930487108
+34930487132
+34930487290
+34930487306
+34930487320
+34930494479
+34930495734
+34930900207
+34930900693
+34930900752
+34930901780
+34930902184
+34930902212
+34930902224
+34930902256
+34930902269
+34930902275
+34930902277
+34930902283
+34930902292
+34930902299
+34930902339
+34930902349
+34930902374
+34930902386
+34930902404
+34930902422
+34930902423
+34930902457
+34930902498
+34930902516
+34930902546
+34930902550
+34930902555
+34930902570
+34930902587
+34930902609
+34930902626
+34930902643
+34930902649
+34930902669
+34930902686
+34930902697
+34930902698
+34930902712
+34930902721
+34930902755
+34930902758
+34930902784
+34930902794
+34930902800
+34930902852
+34930902854
+34930902860
+34930902861
+34930902887
+34930902903
+34930902906
+34930902918
+34930902919
+34930902921
+34930902978
+34930903012
+34930903041
+34930903049
+34930903057
+34930903067
+34930903068
+34930903101
+34930903111
+34930903112
+34930903113
+34930903126
+34930903134
+34930903169
+34930903191
+34930903202
+34930903216
+34930903218
+34930903230
+34930903238
+34930903245
+34930903256
+34930903276
+34930903284
+34930903285
+34930903292
+34930903298
+34930903317
+34930903330
+34930903331
+34930903348
+34930903352
+34930903359
+34930903385
+34930903454
+34930903466
+34930903472
+34930903476
+34930903484
+34930903490
+34930903511
+34930903526
+34930903560
+34930903565
+34930903585
+34930903605
+34930903629
+34930903641
+34930903904
+34930903988
+34930903997
+34930904810
+34930904854
+34930904883
+34930904993
+34930905027
+34930906976
+34930906989
+34930907183
+34930907208
+34930907217
+34930907874
+34930908033
+34930908137
+34930908150
+34930908156
+34930908164
+34930908174
+34930908202
+34930908207
+34930908220
+34930908222
+34930908226
+34930908227
+34930908235
+34930908243
+34930908254
+34930908256
+34930908263
+34930908266
+34930908281
+34930908284
+34930908326
+34930908328
+34930908342
+34930908624
+34930909993
+34931194451
+34931202675
+34931202901
+34931203162
+34931203172
+34931203176
+34931203372
+34931203381
+34931203386
+34931204591
+34931205516
+34931205567
+34931205607
+34931205649
+34931205804
+34931206023
+34931206064
+34931206079
+34931206093
+34931206114
+34931206134
+34931206165
+34931206191
+34931206312
+34931206329
+34931206349
+34931206356
+34931206375
+34931206398
+34931206421
+34931206453
+34931206459
+34931206626
+34931206654
+34931206694
+34931206789
+34931206846
+34931206917
+34931206973
+34931207026
+34931207093
+34931207332
+34931207447
+34931207463
+34931207492
+34931207532
+34931207551
+34931207567
+34931207573
+34931207672
+34931207687
+34931207698
+34931207709
+34931207714
+34931207719
+34931207723
+34931207727
+34931207743
+34931207758
+34931207815
+34931207819
+34931207826
+34931207829
+34931207842
+34931207854
+34931207861
+34931207867
+34931207873
+34931207876
+34931207881
+34931207885
+34931207891
+34931207896
+34931207908
+34931311866
+34931314064
+34931316907
+34931350998
+34931351136
+34931351149
+34931351185
+34931351398
+34931351850
+34931352310
+34931352555
+34931352902
+34931354086
+34931354099
+34931354103
+34931354184
+34931354409
+34931354483
+34931354935
+34931354939
+34931517968
+34931689242
+34931696757
+34932200860
+34932201016
+34932593569
+34932697279
+34932697280
+34932954664
+34932954671
+34932954673
+34932954693
+34932954694
+34932981038
+34933461343
+34933930309
+34935514222
+34935779186
+34935779187
+34935779188
+34935779193
+34941561232
+34941563457
+34941728061
+34944514086
+34944775351
+34945560714
+34945662059
+34945663516
+34945663530
+34946341006
+34946341074
+34946341102
+34946341118
+34946341124
+34946341135
+34946341148
+34946341154
+34946341158
+34946341161
+34946341167
+34946341185
+34946341194
+34946341205
+34946341216
+34946341223
+34946341226
+34946341231
+34946341238
+34946341242
+34946341248
+34946341252
+34946341258
+34946341264
+34946341292
+34946341295
+34946341417
+34946341425
+34946341431
+34946341437
+34946341439
+34946341447
+34946341451
+34946341457
+34946341483
+34946341496
+34946341498
+34946341504
+34946341506
+34946341527
+34946342251
+34946342256
+34946342262
+34946342409
+34946342657
+34946342684
+34946530152
+34946988708
+34947651120
+34947651129
+34947659545
+34947780897
+34947782725
+34947782750
+34948986270
+34950505166
+34950505168
+34950506777
+34950721133
+34950721135
+34950721136
+34950950267
+34950957224
+34950957225
+34951233275
+34951244601
+34951550712
+34951554853
+34951555503
+34951556099
+34951556167
+34951556175
+34951556176
+34951557722
+34951612321
+34951612332
+34951612475
+34951759872
+34951831619
+34951831640
+34951831788
+34951831965
+34951831966
+34951831972
+34951832781
+34951832819
+34951832890
+34951832905
+34951833110
+34951833164
+34951833264
+34951833833
+34951833941
+34951834031
+34951834042
+34951834086
+34951834087
+34951834144
+34951834166
+34951834279
+34951834346
+34951834367
+34951834376
+34951834386
+34951834394
+34951834430
+34951834497
+34951834508
+34951834517
+34951834528
+34951834534
+34951834546
+34951834554
+34951834556
+34951834565
+34951834589
+34951834613
+34951834643
+34951834652
+34951834663
+34951834672
+34951834677
+34951834679
+34951834683
+34951834709
+34951834728
+34951834759
+34951834762
+34951834824
+34951834843
+34951834885
+34951834916
+34951834932
+34951834961
+34951834975
+34951835063
+34951835117
+34951835141
+34951835196
+34951835337
+34951835359
+34951835360
+34951835391
+34951835397
+34951835455
+34951835524
+34951835557
+34951835559
+34951835569
+34951835588
+34951835607
+34951835654
+34951835658
+34951835666
+34951835676
+34951835682
+34951835698
+34951835726
+34951835732
+34951835753
+34951835779
+34951835792
+34951835812
+34951835823
+34951835827
+34951835942
+34951836052
+34951836788
+34951836896
+34951837006
+34951837023
+34951837044
+34951837052
+34951837056
+34951837060
+34951837085
+34951837096
+34951837098
+34951837120
+34951837121
+34951837123
+34951837128
+34951837134
+34951837148
+34951837158
+34951837165
+34951837166
+34951837197
+34951837198
+34951837201
+34951837206
+34951837212
+34951837214
+34951837220
+34951837233
+34951837259
+34951837292
+34951837315
+34951837321
+34951837325
+34951837339
+34951837341
+34951837359
+34951837366
+34951837370
+34951837372
+34951837377
+34951837386
+34951837388
+34951837389
+34951837396
+34951837404
+34951837422
+34951837423
+34951837438
+34951837452
+34951837458
+34951837462
+34951837467
+34951837479
+34951837491
+34951837492
+34951837494
+34951837495
+34951837511
+34951837514
+34951837521
+34951837522
+34951837551
+34951837559
+34951837591
+34951837595
+34951837607
+34951837611
+34951837627
+34951837643
+34951837646
+34951837649
+34951837650
+34951837654
+34951837659
+34951837666
+34951837667
+34951837669
+34951837670
+34951837678
+34951837682
+34951837684
+34951837685
+34951837707
+34951837725
+34951837733
+34951837734
+34951837750
+34951837751
+34951837757
+34951837769
+34951837783
+34951837784
+34951837787
+34951837802
+34951837809
+34951837816
+34951837820
+34951837842
+34951837844
+34951837845
+34951837849
+34951837858
+34951837863
+34951837903
+34951837909
+34951837911
+34951837914
+34951837922
+34951837926
+34951837927
+34951837949
+34951837960
+34951837961
+34951837966
+34951837995
+34951837996
+34951838102
+34951838184
+34951838278
+34951838359
+34951838530
+34953171138
+34953171496
+34953172090
+34954320834
+34955310957
+34955310958
+34955440963
+34955448510
+34955448813
+34955449192
+34955449194
+34955449195
+34955449196
+34955449199
+34955449238
+34955449239
+34955449272
+34955449277
+34955449278
+34955449281
+34955449282
+34955449285
+34955449362
+34955449385
+34955449458
+34957782703
+34957782704
+34957782705
+34957789129
+34958871884
+34958873072
+34958874021
+34958874033
+34958876792
+34958876796
+34958876814
+34958876958
+34958877283
+34959774791
+34960101243
+34960101253
+34960101257
+34960101263
+34960101275
+34960101282
+34960101295
+34960101305
+34960101336
+34960101341
+34960101426
+34960101456
+34960101532
+34960101538
+34960101557
+34960101568
+34960101581
+34960101595
+34960101605
+34960101629
+34960101635
+34960101637
+34960101643
+34960101646
+34960101651
+34960101654
+34960101658
+34960101664
+34960101671
+34960101676
+34960101683
+34960101685
+34960101698
+34960101703
+34960101725
+34960101731
+34960101752
+34960102416
+34960102494
+34960102528
+34960102546
+34960102551
+34960102552
+34960102567
+34960102571
+34960102572
+34960102583
+34960102597
+34960102604
+34960102606
+34960102621
+34960102632
+34960102641
+34960102651
+34960102653
+34960102675
+34960102676
+34960102678
+34960102695
+34960102701
+34960102705
+34960102713
+34960102721
+34960102737
+34960102738
+34960102764
+34960102778
+34960102783
+34960102784
+34960102785
+34960102792
+34960102794
+34960102797
+34960102803
+34960102804
+34960102814
+34960102824
+34960102837
+34960102838
+34960102842
+34960102852
+34960102854
+34960102861
+34960102869
+34960102871
+34960102872
+34960102873
+34960102874
+34960102878
+34960102879
+34960102893
+34960102904
+34960102905
+34960102913
+34960102919
+34960102925
+34960102934
+34960102936
+34960102945
+34960102949
+34960102959
+34960102969
+34960102971
+34960102981
+34960102992
+34960102995
+34960102997
+34960103001
+34960103002
+34960103007
+34960103008
+34960103009
+34960103014
+34960103016
+34960103017
+34960103024
+34960103026
+34960103028
+34960103031
+34960103034
+34960103036
+34960103038
+34960103041
+34960103043
+34960103047
+34960103059
+34960103065
+34960103073
+34960103213
+34960103251
+34960103252
+34960103272
+34960103283
+34960103285
+34960103287
+34960103292
+34960103295
+34960103301
+34960205620
+34960206313
+34960206320
+34960206323
+34960206326
+34960206330
+34960206331
+34960207587
+34960207599
+34960207650
+34960209238
+34960209390
+34960209496
+34960209925
+34960260722
+34960260773
+34960260780
+34960260825
+34960262462
+34960263066
+34960263109
+34960263537
+34960383007
+34960383021
+34960383033
+34960383086
+34960383175
+34960383255
+34960396415
+34960396417
+34960396723
+34960396724
+34960664994
+34960664998
+34960665072
+34960665082
+34960666282
+34960669013
+34960669052
+34961259170
+34961824678
+34961824711
+34962061236
+34962061260
+34964188465
+34964883053
+34965000391
+34965022057
+34965022063
+34965024977
+34965275037
+34965275077
+34965275108
+34965275597
+34965275605
+34965276002
+34965276006
+34965276008
+34965276009
+34965276012
+34965276016
+34965276378
+34965278652
+34967770966
+34967771600
+34967771601
+34967831790
+34967831793
+34967831794
+34967961639
+34972989900
+34974131781
+34974526616
+34975570113
+34975570726
+34977902440
+34977904821
+34978224551
+34979210569
+34979212808
+34980072571
+34981993793
+34982922815
+34983571086
+34983571964
+34983574301
+34983574303
+34983574306
+34984268930
+34984268933
+34984268955
+34984275129
+34984342782
+34988980951
+35226441659
+3613009234
+3901119274192
+3901119274193
+3901119720763
+390356307770
+390356307779
+390356308414
+3904371852011
+3904371852495
+390492978982
+390544702752
+390544702772
+390544702951
+390683885163
+390683885371
+3908118936800
+390862378001
+390862378010
+390862378236
+390862378418
+390862378833
+390862378876
+393508911009
+393522918907
+41217003253
+41217005842
+41217005845
+41225050481
+41225050482
+41225050484
+41225050485
+41225050486
+41225050487
+41225050488
+41225050489
+41225054647
+41225059831
+41225059889
+41245004600
+41245004601
+41245007661
+41245007664
+41245007665
+41245007666
+41265001273
+41265006992
+41265006994
+41265006995
+41265006996
+41273009260
+41315083246
+41319001385
+41319002181
+41319002182
+41319004755
+41319004876
+41319008118
+41319008225
+41327112652
+41327116577
+41327116581
+41327116591
+41344447224
+41415331976
+41447071880
+41447072922
+41447073688
+41447073690
+41449746924
+41613002763
+41613002765
+41613002778
+41613002814
+41714747658
+421220412296
+4312051523
+431226557923
+4312675018
+4313580563
+4314240564
+4314240762
+4314420244
+4314420505
+4314420749
+4314420845
+43512402204569
+436502132769
+436502924984
+436503133228
+436503148149
+436503583753
+436503591744
+436503660332
+436503720747
+436503857320
+436503978399
+436504443816
+436504673885
+436504732715
+436504911003
+436505215859
+436505278294
+436505468104
+436505580691
+436506545239
+436506891349
+436507518433
+436507825860
+436507847906
+436508165044
+436508283844
+436508345408
+436508360627
+436508592195
+436508697237
+436508743792
+436508885123
+436509540624
+436509817502
+436509818593
+436509822921
+436509879077
+436509893072
+436600079370
+436600381771
+436601128193
+436601212750
+436601215480
+436601215690
+436601225624
+436601233709
+436601264626
+436601292002
+436601296910
+436601361573
+436601415842
+436601417973
+436601463546
+436601521146
+436601537801
+436601565675
+436601574670
+436601588628
+436601645478
+436602000911
+436602002923
+436602321946
+436602564879
+436602582349
+436602626087
+436603283425
+436603361591
+436603426302
+436603918381
+436604207291
+436604215665
+436604501138
+436604511082
+436604731209
+436604822972
+436605012343
+436605033274
+436605077112
+436605174818
+436605212268
+436605254397
+436605399871
+436605487078
+436605566065
+436605595636
+436605607865
+436605640050
+436605712407
+436605732937
+436605822210
+436605851688
+436606320977
+436606354899
+436606492148
+436606509522
+436606610742
+436606801326
+436607003480
+436607062622
+436607216762
+436607229757
+436607269177
+436607294186
+436607359610
+436607481001
+436607485562
+436607499123
+436607627126
+436607627440
+436607798124
+436607881396
+436608055345
+436608116762
+436608193700
+4366085371174
+4366085371274
+4366085371574
+4366085371674
+4366085371774
+4366085371874
+4366085372074
+4366085372274
+4366085372674
+4366085372774
+4366085372874
+4366085373074
+4366085373274
+4366085373674
+4366085374274
+4366085374374
+4366085374474
+4366085374574
+4366085374774
+4366085374874
+4366085374974
+4366085375374
+4366085375474
+4366085375574
+4366085375974
+4366085376074
+4366085376274
+4366085376374
+4366085376974
+4366085377174
+4366085377474
+4366085377674
+4366085378374
+4366085378674
+4366085378874
+4366085378974
+4366085379074
+4366085379374
+4366085379574
+4366085379674
+4366085379874
+4366085379974
+436608584940
+436608856004
+436609132543
+436609177423
+436609592189
+436609674017
+4366220278915
+43662280057
+43662280093
+436641017326
+436641235113
+436641542315
+436641628142
+436642041802
+4366422446797
+436642326925
+436642394747
+436642439432
+436642621641
+436642842762
+436642881778
+436643037238
+436643499630
+436643549964
+436644109369
+436644156418
+436644270390
+436644330525
+436644344962
+436644424097
+436644458154
+436644516913
+436644714640
+436645171576
+436645202921
+436645373916
+436645555781
+436646524707
+436646627157
+436646904617
+436647518384
+4366475367776
+436648330271
+436648528412
+436648685860
+436649101519
+436649256680
+436649580538
+4366565520227
+4366942285648
+4366942288348
+436703059037
+436703059395
+436703059630
+436703060285
+436703085316
+436703085323
+436703086086
+436703086710
+436703088306
+436705079111
+436705090313
+436761230596
+436762033207
+436762041677
+436762359183
+436763046905
+436763053376
+436763312855
+436763346466
+436763781060
+4367642402035
+436764532885
+436764549939
+436764576581
+436764578529
+436765127251
+436765202911
+436765252590
+436765330418
+436765645474
+436765987275
+436766095714
+436766129624
+436766265567
+436766314103
+436766362585
+436766769576
+436766832650
+436766843690
+436766940734
+436767095390
+436767305655
+436767720975
+436767736318
+4367680018372
+4367680202039
+4367680210989
+4367680223648
+4367680231147
+4367680239049
+4367680271340
+4367680274993
+4367680281802
+4367680287481
+4367680292849
+436768030645
+4367680460942
+4367680475713
+4367680656599
+4367680659412
+4367680731092
+4367681262057
+436769067816
+436769171491
+436769217730
+436769409551
+436769509327
+436769708671
+4367761292661
+4367844178161
+4367844178222
+436789040168111
+436789040169636
+436801416538
+436801503323
+436802075886
+436804023738
+4368120189136
+4368120656567
+4368120823310
+4368120910617
+4368181477680
+436991261008
+436991777891
+43720021378
+43720021426
+43720021612
+43720100130
+43720108077
+43720117390
+43720117404
+43720143005
+43720143268
+43720145491
+43720607005
+43720607012
+43720607016
+43720607019
+43720607021
+43720607027
+43720607031
+43720607032
+43720607034
+43720607044
+43720607050
+43720607052
+43720607057
+43720607071
+43720607083
+43720607085
+43720607091
+43720607094
+43720607095
+43720607100
+43720775264
+43720778244
+43720881127
+43720971816
+43720971875
+437322555705
+4373290353
+43800801030
+43800801033
+43800801034
+441133284099
+441134036495
+441134036503
+441134036506
+441134036509
+441134036514
+441134036517
+441134036526
+441134036529
+441134036537
+441134036539
+441134036541
+441134036543
+441134036547
+441134036549
+441134036552
+441134036557
+441134036571
+441134036573
+441134036576
+441134036579
+441134036580
+441134036582
+441134036584
+441134036593
+441134036602
+441134036605
+441134036607
+441134036609
+441134036613
+441134036615
+441134036618
+441134036625
+441135298823
+441135298832
+441135299552
+441143037346
+441143037348
+441143497777
+441144280451
+441163504701
+441174628096
+441174628315
+441182302171
+441202092696
+441204213541
+441204213708
+441204213709
+441204213840
+441206690003
+441213184408
+441218052023
+441218161894
+441218161897
+441223826493
+441223826496
+441224003453
+441234746043
+441242781323
+441245331042
+441245331052
+441245331053
+441253747941
+441256280425
+441273568694
+441296408761
+441296408772
+441307500029
+441315100490
+441315100685
+441315100690
+441315100734
+441384982349
+441387461010
+441416480422
+441463288769
+441482293810
+441518299690
+441524482105
+441524482114
+441524482142
+441524482143
+441524482177
+441615507416
+441615608377
+441615647040
+441615647041
+441615647042
+441615647043
+441615650170
+441615667811
+441615683196
+441617140638
+441617140639
+441617140648
+441617140667
+441618147152
+441618147341
+441676350164
+441793291026
+441794378071
+441803501128
+441803501129
+441856898507
+441916280323
+441916280332
+441934903611
+442030265922
+442033183300
+442033620257
+442033620578
+442033628137
+442033628138
+442033628152
+442033628167
+442033628171
+442034517449
+442035046215
+442035140695
+442035142329
+442035820440
+442036681975
+442037436966
+442037695912
+442038079818
+442038564522
+442039479245
+442039538893
+442039743305
+442039917614
+442039962726
+442039969255
+442039969758
+442045793844
+442045793962
+442045930353
+442046241518
+442046241520
+442046247112
+442046247113
+442046247188
+442080405922
+442080976460
+442086389000
+442086389002
+442086389004
+442086389005
+442086389007
+442086389008
+442086389009
+442086389010
+442086389011
+442086389012
+442086389014
+442086389015
+442086389016
+442086389017
+442086389018
+442086389019
+442086389022
+442086389023
+442086389024
+442086389025
+442086389026
+442086389028
+442086389029
+442086389030
+442086389031
+442086389032
+442086389034
+442086389036
+442086389037
+442086389039
+442086389041
+442086389042
+442086389043
+442086389045
+442086389048
+442086389049
+442086389050
+442086389052
+442086389053
+442086389054
+442086389055
+442086389056
+442086389057
+442086389058
+442086389059
+442086389060
+442086389061
+442086389062
+442086389063
+442086389064
+442086389066
+442086389067
+442086389069
+442086389070
+442086389071
+442086389072
+442086389074
+442086389075
+442086389076
+442086389077
+442086389078
+442086389079
+442086389080
+442086389082
+442086389083
+442086389085
+442086389086
+442086389087
+442086389088
+442086389089
+442086389092
+442086389094
+442086389095
+442086389097
+442086389098
+442086389099
+442382519262
+442382519265
+442394200917
+442476778768
+442820140096
+442820140103
+442820140108
+442820140137
+442820140139
+442843780989
+443308180226
+447307284859
+447307295250
+447341411025
+447341434581
+447404781014
+447418480999
+447418481596
+447418485662
+447418486122
+447418486626
+447418487901
+447434289841
+447438823302
+447441422861
+447441429383
+447441900766
+447441901219
+447441906988
+447441907001
+447441907004
+447441907005
+447441907008
+447441907017
+447441907019
+447441907020
+447441909931
+447441916876
+447441949155
+447441951313
+447445105910
+447451268035
+447452018285
+447452020820
+447452022884
+447452023420
+447452023641
+447452024470
+447452114457
+447452119947
+447452177839
+447452233027
+447452236477
+447452236895
+447452298531
+447452299855
+447452323504
+447452327988
+447452329857
+447452331445
+447452338334
+447452338360
+447452342842
+447452345562
+447452354773
+447452359962
+447453811405
+447457410544
+447458196784
+447458196893
+447462465658
+447488810441
+447488843968
+447488843971
+447520658162
+447624856596
+447701426784
+447701426996
+447727629485
+447727665467
+447782562270
+447831682008
+447881938574
+447897021280
+447924876578
+447953222222
+448006521519
+448007613372
+4571864002
+4592454309
+4592458134
+4592459298
+4721418066
+4721418093
+4738994210
+49040
+491379030200
+491379030400
+491379101112
+4915111661584
+4915122794424
+4915123341892
+4915124123078
+4915125802956
+4915141649202
+4915142087356
+4915142087937
+4915142087953
+4915142088289
+4915142088471
+4915143320663
+4915143320672
+4915143320766
+4915143320854
+4915143321224
+4915143321287
+4915143321305
+4915143321363
+4915146301435
+4915146302269
+4915146653014
+4915146654165
+4915147576483
+4915150512206
+4915150517228
+4915150517289
+4915150517570
+4915150517994
+4915150522939
+4915150524481
+4915150548387
+4915150553529
+4915150558067
+4915150561308
+4915150568788
+4915153259291
+4915153400480
+4915153400481
+4915153400785
+4915153400787
+4915153401558
+4915153401560
+4915153401563
+4915153401578
+4915153403420
+4915153403427
+4915154457583
+4915154870035
+4915154871357
+4915154871462
+4915154871755
+4915154871903
+4915154873567
+4915155529536
+4915155529601
+4915155529652
+4915155529663
+4915155529775
+4915155529801
+4915155529859
+4915155530782
+4915155532929
+4915155534591
+4915155535919
+4915155537629
+4915155537653
+4915155537692
+4915157790535
+4915157790552
+4915157790553
+4915157790554
+4915157790556
+4915157790559
+4915157790561
+4915157790562
+4915157790564
+4915157790565
+4915157790566
+4915157790568
+4915157790588
+4915157790595
+4915157790642
+4915157790704
+4915159134343
+4915162768541
+4915164066864
+4915165462364
+4915165467358
+4915165472514
+4915165472712
+4915165473018
+4915168421673
+4915168431017
+4915168447095
+4915168497142
+4915170294729
+4915170536072
+4915170644548
+4915170644549
+4915170644558
+4915170644572
+4915201064597
+4915201864748
+4915201864785
+4915201864833
+4915201864852
+4915201864873
+4915201864875
+4915201865247
+4915201865251
+4915201866497
+4915201866601
+4915201866607
+4915201866613
+4915201866797
+4915201866803
+4915201866804
+4915202827695
+4915202834697
+4915203058576
+4915204570147
+4915204657042
+4915204990948
+4915206033603
+4915206045690
+4915206047664
+4915209012080
+4915209044858
+4915209047388
+4915209048466
+4915209051574
+4915209053475
+4915209054765
+4915209057294
+4915209058943
+4915209178344
+4915209178919
+4915209181974
+4915209185906
+4915209203588
+4915209204493
+4915209280426
+4915210304417
+4915211076395
+4915212599629
+4915223576540
+4915224120235
+4915224621488
+4915227434764
+4915227434938
+4915227435287
+4915227436316
+4915227677991
+4915227689966
+4915227944924
+4915228510278
+4915228514634
+4915228569864
+4915228843576
+4915229931361
+4915231487858
+4915237268302
+4915237306706
+4915237325498
+4915238940196
+4915238962637
+4915238975162
+4915238975402
+4915250798680
+4915251724031
+4915252308593
+4915253216548
+4915254561271
+4915254623167
+4915254769443
+4915254783447
+4915254870948
+4915255493866
+4915255630402
+4915256261452
+4915256417690
+4915256428665
+4915256430860
+4915256500618
+4915256704456
+4915257351246
+4915257406258
+4915257426015
+4915257583038
+4915257922385
+4915258300501
+4915258437324
+4915258438437
+4915258438449
+4915258439890
+4915258482434
+4915258731492
+4915259230204
+4915259270675
+4915259647615
+4915259751301
+4915259798515
+4915259798569
+4915259798595
+4915259798601
+4915259798632
+4915259798660
+4915259799020
+4915259799810
+4915259800164
+4915259800834
+4915259800913
+4915259808311
+4915259809216
+4915259809233
+4915259831621
+4915259832371
+4915259832472
+4915259833123
+4915259837404
+4915259838040
+4915259868133
+4915259868519
+4915259868756
+4915259869435
+4915259874107
+4915259878847
+4915259896874
+4915259964562
+4915259975723
+4915510258974
+4915510259004
+4915510260466
+4915510260743
+4915510260873
+4915510263609
+4915510264161
+4915510266098
+4915510267486
+4915510271359
+4915510272351
+4915510278869
+4915510282256
+4915510287396
+4915510289638
+4915510379389
+4915510474955
+4915510475235
+4915510477641
+4915510478116
+4915510479885
+4915510480504
+4915510480649
+4915510482850
+4915510483656
+4915510483763
+4915510484196
+4915510484712
+4915510484726
+4915510484950
+4915510486071
+4915510487978
+4915510488172
+4915510489025
+4915510490089
+4915510490307
+4915510490463
+4915510490836
+4915510490838
+4915510490851
+4915510490971
+4915510491372
+4915510491561
+4915510492278
+4915510492436
+4915510492665
+4915510494279
+4915510495171
+4915510495469
+4915510495727
+4915510496694
+4915510497338
+4915510498425
+4915510498939
+4915510499680
+4915510499703
+4915510500174
+4915510501199
+4915510501330
+4915510501623
+4915510502245
+4915510503397
+4915510503829
+4915510503968
+4915510506035
+4915510507790
+4915510508128
+4915510508896
+4915510509477
+4915510510254
+4915510510708
+4915510510868
+4915510511569
+4915510511615
+4915510512639
+4915510513630
+4915510514266
+4915510514332
+4915510514367
+4915510515039
+4915510515864
+4915510515917
+4915510517249
+4915510517271
+4915510517428
+4915510517709
+4915510517867
+4915510517871
+4915510518262
+4915510519091
+4915510519256
+4915510519344
+4915510520866
+4915510520868
+4915510521258
+4915510522922
+4915510523348
+4915510524170
+4915510526224
+4915510526396
+4915510527057
+4915510527076
+4915510528255
+4915510528300
+4915510528633
+4915510528837
+4915510529391
+4915510529814
+4915510530034
+4915510530318
+4915510530453
+4915510530491
+4915510530731
+4915510530780
+4915510530900
+4915510531621
+4915510531889
+4915510531938
+4915510531997
+4915510532403
+4915510533036
+4915510533673
+4915510533814
+4915510534189
+4915510534716
+4915510534745
+4915510534797
+4915510534859
+4915510535158
+4915510535491
+4915510535571
+4915510535829
+4915510536933
+4915510537047
+4915510537059
+4915510537146
+4915510537392
+4915510538110
+4915510538229
+4915510538368
+4915510538618
+4915510538680
+4915510538969
+4915510538971
+4915510539063
+4915510539266
+4915510539267
+4915510539951
+4915510540542
+4915510541121
+4915510541143
+4915510541182
+4915510541367
+4915510541368
+4915510541394
+4915510541610
+4915510541927
+4915510542069
+4915510542289
+4915510542952
+4915510544918
+4915510545005
+4915510545019
+4915510545750
+4915510545776
+4915510545790
+4915510546076
+4915510546189
+4915510546529
+4915510547562
+4915510547978
+4915510548513
+4915510549905
+4915510550712
+4915510553258
+4915510554154
+4915510554506
+4915510566598
+4915510642646
+4915510646024
+4915510658802
+4915510674911
+4915510676683
+4915510690139
+4915510691565
+4915510693157
+4915510693950
+4915510756182
+4915510772547
+4915510783244
+4915511204502
+4915511294052
+4915511344581
+49155257923617
+4915560064713
+4915561851787
+4915562445680
+4915562842709
+4915568488618
+4915569042027
+4915569424547
+4915679706902
+4915679752011
+4915679778424
+4915731204009
+4915733401844
+4915734162107
+4915735981146
+4915735981168
+4915735982370
+4915735984134
+4915735984997
+4915735985019
+4915735986271
+4915735986644
+4915735986889
+4915735987363
+4915735987743
+4915735988313
+4915735988383
+4915735988797
+4915735988902
+4915735989144
+4915735989503
+4915735990074
+4915735990219
+4915735990385
+4915735990386
+4915735990534
+4915735990561
+4915735991027
+4915735991148
+4915735991192
+4915735991420
+4915735991546
+4915735991954
+4915735992887
+4915735993845
+4915735995575
+4915735995834
+4915735996286
+4915735996362
+4915735996803
+4915735997383
+4915735997567
+4915735998473
+4915753024990
+4915753803672
+4915755361174
+4915756494837
+4915757193617
+4915757217396
+4915758028316
+4915758681678
+4915770892848
+4915770892906
+4915770892912
+4915770892913
+4915770892918
+4915770892921
+4915775632978
+4915775638054
+4915775638717
+4915775638893
+4915776105886
+4915776105891
+4915776105936
+4915776105942
+4915776550789
+4915777410385
+4915777665711
+4915777679623
+4915777978970
+4915777978983
+4915777979057
+4915777979328
+4915778590180
+4915778693665
+4915779149153
+4915780635399
+4915781123289
+4915781130517
+4915781158745
+4915781159904
+4915781160075
+4915781160212
+4915781160247
+4915781251129
+4915781255221
+4915781266981
+4915781266986
+4915781432213
+4915782045433
+4915782129797
+4915783116041
+4915783344917
+4915783345455
+4915792305262
+4915792305322
+4915792305851
+4915792314054
+4915792321470
+4915792326290
+4915792326801
+4915792327284
+4915792329931
+4915792330866
+4915792331092
+4915792331218
+4915792331952
+4915792332144
+4915792332738
+4915792333064
+4915792337898
+4915792338257
+4915792338510
+4915792338589
+4915792339050
+4915792339172
+4915792352884
+4915792352891
+4915792352892
+4915792353058
+4915792353155
+4915792353329
+4915792362530
+4915792362669
+4915792363392
+4915792378140
+4915792395401
+4915792395406
+4915792395549
+4915792395632
+4915792395635
+4915792451599
+4915792451742
+4915792451779
+4915792453791
+4915792453802
+4915792453813
+4915792466064
+4915792466600
+4915792466602
+4915792467949
+4915792468967
+4915792468980
+4915792468983
+4915792475644
+4915792475696
+4915792475698
+4915792475931
+4915792476113
+4915792476145
+4915792486601
+4915792487540
+4915792487542
+4915792487543
+4915792487545
+4915792487546
+4915792487547
+4915792487548
+4915792490291
+4915792490408
+4915792490411
+4915792493806
+4915792493807
+4915792493817
+4915792493829
+4915792493833
+4915792493844
+4915792495274
+4915792530171
+4915792530172
+4915792530173
+4915792530175
+4915792611122
+4915792611123
+4915792611124
+4915792611125
+4915792611126
+4915792611128
+4915792624634
+4915792635235
+4915792635803
+4915792635827
+4915792635841
+4915792635849
+4915792635862
+4915792635864
+4915792639002
+4915792639004
+4915792639005
+4915792639006
+4915792639007
+4915792639008
+4915792639009
+4915792639012
+4915792639013
+4915792639015
+4915792639016
+4915792639021
+4915792639026
+4915792639027
+4915792639028
+4915792639029
+4915792639030
+4915792639031
+4915792639033
+4915792639034
+4915792639037
+4915792639039
+4915792639041
+4915792639042
+4915792639044
+4915792639045
+4915792639046
+4915792639048
+4915792639050
+4915792639052
+4915792639055
+4915792639056
+4915792639057
+4915792639062
+4915792639066
+4915792639068
+4915792639073
+4915792639074
+4915792639076
+4915792639077
+4915792639078
+4915792639079
+4915792639083
+4915792639084
+4915792639087
+4915792639089
+4915792639091
+4915792639092
+4915792639094
+4915792639096
+4915792639098
+4915792639102
+4915792639103
+4915792639104
+4915792639106
+4915792639112
+4915792639114
+4915792639115
+4915792639117
+4915792639118
+4915792639121
+4915792639122
+4915792639123
+4915792639127
+4915792639128
+4915792639131
+4915792639132
+4915792639133
+4915792639134
+4915792639135
+4915792639140
+4915792639143
+4915792639145
+4915792639147
+4915792639148
+4915792639149
+4915792639152
+4915792639155
+4915792639159
+4915792639160
+4915792639172
+4915792639173
+4915792639174
+4915792639175
+4915792639177
+4915792639184
+4915792639185
+4915792639189
+4915792639190
+4915792639191
+4915792639192
+4915792639194
+4915792639195
+4915792639203
+4915792639208
+4915792639223
+4915792639240
+4915792639242
+4915792639386
+4915792639388
+4915792639392
+4915792639420
+4915792639424
+4915792639429
+4915792639439
+4915792639444
+4915792639455
+4915792639460
+4915792639462
+4915792639471
+4915792639473
+4915792639482
+4915792639741
+4915792668006
+4915792668009
+4915792668010
+4915792668012
+4915792668013
+4915792668014
+4915792668015
+4915792668016
+4915792668017
+4915792682101
+4915792682104
+4915792682105
+4915792682109
+4915792682110
+4915792682116
+4915792682123
+4915792682125
+4915792682132
+4915792682133
+4915792682145
+4915792682146
+4915792682160
+4915792682161
+4915792682163
+4915792682164
+4915792682168
+4915792682171
+4915792682174
+4915792682175
+4915792682179
+4915792682182
+4915792682187
+4915792682192
+4915792682193
+4915792682198
+4915792682199
+4915792682200
+4915792682209
+4915792682212
+4915792682213
+4915792682841
+4915792690361
+4915792690470
+4915792690803
+4915792690810
+4915792690811
+4915792690814
+4915792690815
+4915792690819
+4915792690820
+4915792690823
+4915792690825
+4915792690830
+4915792690840
+4915792690841
+4915792690844
+4915792690845
+4915792690848
+4915792690849
+4915792690854
+4915792690857
+4915792690859
+4915792690869
+4915792690872
+4915792690878
+4915792690882
+4915792690884
+4915792690888
+4915792690889
+4915792690897
+4915792690905
+4915792690907
+4915792690910
+4915792690916
+4915792690917
+4915792690918
+4915792690919
+4915792690923
+4915792690925
+4915792690928
+4915792690929
+4915792690933
+4915792690934
+4915792690935
+4915792690945
+4915792690946
+4915792690947
+4915792690950
+4915792690952
+4915792690956
+4915792690957
+4915792690963
+4915792690964
+4915792690971
+4915792690972
+4915792690974
+4915792690976
+4915792690983
+4915792690985
+4915792690986
+4915792690994
+4915792690997
+4915792690999
+4915888279559
+4915888314712
+4915888321419
+4915888321478
+4915888321480
+4915888321491
+4915888362421
+4915888362548
+4915888362686
+4915888364240
+4915888364423
+4915888364521
+4915888367012
+4915888367460
+4915888367652
+4915888367674
+4915888367870
+4915888368326
+4915888368428
+4915888368567
+4915888368614
+4915888368725
+4915888368772
+4915888368838
+4915888369113
+4915888369460
+4915888369662
+4915888369752
+4915888369810
+4915888369946
+4915888369973
+4915888491090
+4915888491224
+4915888491926
+4915888492302
+4915888492405
+4915888492416
+4915888492737
+4915888492806
+4915888493512
+4915888493657
+4915888493780
+4915888493801
+4915888573428
+4915888573675
+4915888573727
+4915888573775
+4915888574030
+4915888574328
+4915888574378
+4915888574971
+4915888632465
+4915888633268
+4915888633473
+4915888633782
+4915888633902
+4915888633969
+4915888634123
+4915888636246
+4915888636916
+4915888640042
+4915888640067
+4915888640091
+4915888640467
+4915888642125
+4915888642194
+4915888642512
+4915888643146
+4915888643293
+4915888643350
+4915888643581
+4915888643625
+4915888643876
+4915888645034
+4915888645074
+4915888645136
+4915888645142
+4915888645176
+4915888645198
+4915888645228
+4915888645283
+4915888645326
+4915888645417
+4915888645441
+4915888645445
+4915888645476
+4915888645478
+4915888645596
+4915888645618
+4915888645658
+4915888645671
+4915888645673
+4915888645690
+4915888645735
+4915888645823
+4915888645859
+4915888645878
+4915888645885
+4915888645941
+4915888645942
+4915888645956
+4915888645974
+4915888646519
+4915888646729
+4915888646807
+4915888647001
+4915888647076
+4915888647151
+4915888647176
+4915888647248
+4915888647374
+4915888647408
+4915888647454
+4915888647569
+4915888647610
+4915888647630
+4915888647638
+4915888647689
+4915888647758
+4915888647814
+4915888647842
+4915888647851
+4915888647971
+4915888648063
+4915888648072
+4915888648093
+4915888648101
+4915888648108
+4915888648135
+4915888648214
+4915888648761
+4915888648871
+4915888649171
+4915888649650
+4915888649770
+4915888649798
+4915888649824
+4915888649861
+4915888649878
+4915888651081
+4915888651331
+4915888651432
+4915888651461
+4915888651593
+4915888651803
+4915888651871
+4915888651993
+4915888652009
+4915888652032
+4915888652263
+4915888652290
+4915888652632
+4915888652702
+4915888652719
+4915888652742
+4915888652869
+4915888653504
+4915888653750
+4915888654008
+4915888654042
+4915888654151
+4915888654253
+4915888654334
+4915888654685
+4915888654873
+4915888655301
+4915888655609
+4915888655724
+4915888655728
+4915888655891
+4915888656228
+4915888656330
+4915888656334
+4915888656714
+4915888656732
+4915888656879
+4915888656961
+4915888657140
+4915888657207
+4915888657357
+4915888657729
+4915888657894
+4915888657941
+4915888658147
+4915888658335
+4915888658593
+4915888658670
+4915888658794
+4915888658883
+4915888658964
+4915888658968
+4915888659313
+4915888725232
+4915888725515
+4915888725624
+4915888725746
+491601515109
+491601677754
+491602047189
+491602115986
+491602299365
+491602734826
+491603450160
+491603978440
+491604258010
+491604455141
+491605289024
+491606166460
+491606601519
+491606683297
+491606765603
+491606835628
+491607825637
+491607862602
+491607931922
+491607932134
+491607932160
+491607932371
+491607932440
+491607932644
+491607932789
+491607950082
+491607950162
+491607950164
+491607950174
+491607950208
+491607950212
+491607950232
+491607950242
+491607950254
+491607950299
+491607950306
+491607950329
+491607950349
+491607950376
+4916093818633
+4916095805205
+4916096502661
+4916096862738
+4916097780205
+4916098614220
+4916098761719
+491621021241
+491621064005
+491621079888
+491621096437
+491621308001
+491621316512
+491621424186
+491621426232
+491621494047
+491621638568
+491621647427
+491621800765
+491621801418
+491621803486
+491621876841
+491622006640
+491622006910
+491622046099
+491622310270
+491622358650
+491622515893
+491622571509
+491622594856
+491622691025
+491622890378
+491622903483
+491623028171
+491623115237
+491623165492
+491623202972
+491623513936
+491624037878
+491624359572
+491624383526
+491624395476
+491625267945
+491625782352
+491625782395
+491626411542
+491626636822
+491626652883
+491626878318
+491626996759
+491627340561
+491627422565
+491627624723
+491627866167
+491628287804
+491628393387
+491628412901
+491628553407
+491629049712
+491629446553
+491629784343
+491630027664
+491632080149
+491632080874
+491632291958
+491632297575
+491632369971
+491632380324
+491632380584
+491632380872
+491632818715
+491633017588
+491633767438
+491634228086
+491634484891
+491634506935
+491634532541
+491634611172
+491634613048
+491634677536
+491634679337
+491634721993
+491634852353
+491635074244
+491635381687
+491635848784
+491636248489
+491636600287
+491636921150
+491637256838
+491637396689
+491637512582
+491637781530
+491638054639
+491638089153
+491638339345
+491638958285
+491639547448
+49163992397287
+491639931535
+491639983373
+491701830707
+491704017967
+491704035125
+491704764741
+491704782900
+491704857775
+491705541243
+491705560317
+491706567878
+491708464549
+491708877046
+491709001467
+491709652310
+491711220013
+491711501507
+491711501829
+491711502775
+491711502854
+491711503005
+491711506211
+491712744308
+491712753634
+491712766768
+491712949072
+491714173192
+491714201417
+491714793723
+491715396378
+491715481676
+491716036574
+491716473137
+491716507686
+491717520105
+491718753296
+491721279230
+491721279239
+491721279242
+491721279244
+491721279245
+491721279253
+491721789981
+491722552252
+491722558734
+491722733261
+491722919529
+491723012282
+491723017181
+491723165136
+491723258052
+491723417066
+491723500708
+491723658439
+491723888274
+491723909974
+491723910970
+491723973136
+491724112237
+491724650455
+491724732779
+491724735797
+491725606563
+491725634361
+491725644370
+491725801780
+491725803846
+491725870238
+491725875793
+491725879667
+491725896367
+491726132913
+491726317968
+491726531741
+491726585249
+491726714349
+491726886288
+491726915183
+491726936995
+491727165501
+491727302755
+491727511926
+491727622160
+491727690587
+491727905225
+491728341955
+491728388348
+491728420469
+491728523809
+491728593589
+491728953431
+491729711645
+491731519012
+491731565691
+491731654314
+491731788964
+491731791962
+491732089544
+491732338612
+491732366280
+491732520070
+491732804932
+491732875374
+491732878008
+491732896281
+491732920135
+491733057550
+491733136611
+491733142518
+491733166664
+491733168243
+491733170787
+491733224427
+491733257076
+491733282452
+491733284268
+491733544749
+491733555145
+491733715305
+491733739817
+491733793682
+491733795128
+491733795184
+491733795186
+491733842242
+491733845242
+491734255057
+491734429424
+491734959550
+491735305816
+491735309357
+491735463926
+491735839403
+491735872730
+491735935182
+491735938529
+491735938885
+491735962420
+491735979064
+491736136768
+491736456395
+491736636978
+491736658149
+491736704215
+491736751413
+491736857911
+491737474038
+491737512082
+491738088497
+491738652363
+491738661533
+491738909117
+491739129151
+491739159123
+491739213720
+491739307315
+491739360292
+491739453839
+491739754716
+491739799744
+491741651057
+491741897146
+491741897162
+491741897237
+491741897242
+491741897245
+491741897260
+491741956569
+491742003907
+491742064678
+491742112511
+491742312538
+491742344231
+491742349365
+491742484881
+491742707922
+491742837420
+491743118596
+491743246547
+491743292393
+491743402912
+491743458849
+491743657617
+491744420864
+491744486877
+491745985112
+491746164350
+491746314418
+491746332770
+491746333072
+491746355292
+491746355626
+491746385086
+491746486909
+491746492716
+491746535011
+491746645901
+491746658775
+491746730950
+491746789614
+491746908598
+491746985745
+491747031323
+491747435329
+491747435603
+491747435705
+491747445695
+491747449611
+491747600933
+491747601046
+491747604163
+491747612115
+491747615866
+491747630510
+491747631921
+491747638392
+491747644532
+491747649563
+491747686554
+491747686556
+491747689085
+491747692540
+491747693441
+491747703284
+491747704167
+491747706978
+491747710189
+491747710219
+491747711694
+491747712811
+491747766496
+491747769074
+491747793473
+491747815234
+491747869214
+491748057764
+491748092171
+491748119912
+491748304755
+491748768686
+491748804147
+491748848193
+491749233828
+491749365419
+491749365659
+491751031339
+491752031669
+491752655670
+491753676715
+491754051624
+491754221051
+491754434903
+491754646497
+491754944612
+491755915336
+491755941205
+491755976388
+491756118008
+491756239249
+491756302807
+491757732131
+491758381149
+491759087362
+491759209490
+491759355816
+4917610749057
+4917613143077
+4917625047673
+4917625080386
+4917636684294
+4917642421377
+4917645995190
+4917658617776
+4917669687758
+4917674164975
+4917677048562
+4917686019278
+4917687547517
+4917688467981
+4917688840063
+4917688840068
+4917688840075
+4917688840076
+4917688840096
+4917688840099
+4917688840109
+4917688840118
+4917688840119
+4917688840120
+4917688840141
+4917688840143
+4917688840153
+4917688840154
+4917688840161
+4917688840171
+4917688840172
+4917688840173
+4917688840175
+4917688840180
+4917688840181
+4917688840182
+4917688840183
+4917688840184
+4917688840185
+4917688840186
+4917688840187
+4917688840189
+4917688840190
+4917688840191
+4917688840192
+4917688840193
+4917688840194
+4917688840195
+4917688840197
+4917688840198
+4917688840199
+4917688840200
+4917688840201
+4917688840204
+4917688840205
+4917688840206
+4917688840207
+4917688840212
+4917688840213
+4917688840214
+4917688840215
+4917688840217
+4917688840218
+4917688840220
+4917688840221
+4917688840222
+4917688840223
+4917688840224
+4917688840225
+4917688840226
+4917688840227
+4917688840228
+4917688840229
+4917688840230
+4917688840231
+4917688888668
+4917689910210
+4917689910211
+4917689936189
+491771343637
+491771781017
+491771781020
+491771781122
+491771781124
+491771781128
+491771781131
+491773405321
+491774276364
+491778615705
+491778616034
+491778616796
+491779717090
+491781196531
+491781803802
+491782491488
+491782491762
+491782492280
+491783383909
+491783384556
+491783385334
+491783738243
+491783820168
+491783854160
+491787254798
+491787259042
+491787330146
+491787409328
+491787461642
+491787491495
+491789656606
+491791172569
+491791559378
+491792254034
+491793460344
+491793922555
+491794130075
+491794341995
+491795539420
+491797194985
+491797225606
+491798585773
+4920124641501
+4920124677176
+4920124677192
+4920124677201
+4920124677293
+4920124677358
+4920124677359
+4920124677360
+4920137927604
+4920137965406
+4920137965418
+4920137965472
+4920147588516
+4920147588524
+4920151900103
+4920153699049
+4920156052595
+4920156574755
+4920156574759
+492017695140
+4920176957664
+492017695890
+492017696370
+492017697000
+492017697095
+492017697096
+492017697097
+492017697098
+492018395880
+4920185993010
+492018599310
+4920186999759
+4920186999760
+4920186999762
+4920186999763
+4920186999766
+4920186999767
+4920186999769
+4920186999780
+4920186999782
+4920186999783
+4920186999784
+4920186999786
+4920186999787
+4920186999790
+4920186999792
+49201890917600
+49201890917601
+49201890917608
+4920197790125
+4920197790138
+4920197790150
+4920197790159
+4920197790192
+4920226567629
+4920226923700
+4920227111333
+4920249371231
+492025647590
+4920334695105
+4920334695357
+4920334695507
+4920334695541
+4920334695673
+4920334695959
+4920334969845
+49203350510
+4920339510069
+4920339510107
+4920339514876
+4920339515159
+4920339515168
+4920339515249
+4920339515422
+4920339515449
+4920339516988
+4920339517009
+4920339517188
+4920341512989
+4920366898173
+4920366898448
+4920366898454
+4920366898462
+4920366898484
+4920373909378
+4920373909379
+4920373909380
+4920373909381
+4920373909382
+4920373909383
+4920373909384
+4920373909385
+4920373909386
+4920373909387
+4920373909388
+4920373909389
+4920373909390
+4920373909391
+4920373909392
+4920373909393
+4920373909394
+4920373909395
+4920373909399
+4920373909401
+4920373909657
+4920373909659
+4920373909660
+4920373909661
+4920373909662
+4920373909663
+4920373909664
+4920373909665
+4920373909666
+4920373909667
+4920373909668
+4920373909669
+4920373909680
+4920373909681
+4920373909682
+4920373909683
+4920373909684
+4920373909685
+4920373909686
+4920373909687
+4920373909688
+4920373909689
+4920373909690
+4920373909691
+4920373909692
+4920373909693
+4920373909694
+4920373909695
+4920373909696
+4920373909697
+4920373909698
+4920373909699
+4920373909997
+4920375691263
+4920375691437
+4920379907852
+4920379910990
+4920432011003
+4920432011013
+4920432011016
+4920432011020
+4920432011023
+4920432011024
+4920432011026
+4920432011027
+4920432011029
+4920432011030
+4920432011031
+4920432011032
+4920432011033
+4920432011034
+4920432011035
+4920432011036
+4920432011037
+4920432011038
+4920432011039
+4920432011040
+4920432011041
+4920432011042
+4920432011043
+4920432011044
+4920432011045
+4920432011046
+4920432011047
+4920432011049
+4920432011050
+4920432011051
+4920432011052
+4920432011053
+4920432011056
+4920432011057
+4920432011058
+4920432011059
+4920432011060
+4920432011061
+4920432011063
+4920432011064
+4920432011065
+4920432011066
+4920432011067
+4920432011068
+4920432011069
+4920432011070
+4920432011071
+4920432011072
+4920432011073
+4920432011075
+4920432011076
+4920432011077
+4920432011078
+4920432011079
+4920432011080
+4920432011082
+4920432011083
+4920432011085
+4920432011086
+4920432011087
+4920432011089
+492082077760
+49208306715351
+4920830671545
+4920838889822
+4920838889824
+4920838889825
+4920838889829
+4920838889830
+4920838889838
+4920838889841
+4920838889886
+4920845465061
+4920845465076
+492087801290
+4920888025394
+4920888025396
+4920888025397
+4920888025398
+4920888025399
+4920888025440
+4920888025441
+4920888025443
+4920888025445
+4920888025446
+4920888025447
+4920888025448
+4920888025483
+4920888025888
+4920888026472
+4920888026526
+4920888026540
+4920888026541
+4920888026542
+4920888026543
+4920888026544
+4920888026545
+4920888026546
+4920888026547
+4920888026548
+4920888026566
+4920888026567
+4920888026569
+4920888026577
+4920888026590
+4920888026591
+4920888026592
+4920888026593
+4920888026618
+4920888026680
+4920888026944
+4920888347040
+4920888347041
+4920888347615
+4920888347692
+4920888347732
+4920888347781
+4920888347845
+4920888347892
+4920888347917
+4920888347964
+4920888348703
+4920888349877
+4920915704550
+4920915704561
+4920915704564
+4920915704565
+4920915704566
+4920915704567
+49209408550001
+4920993911258
+4920994729574
+4920994729575
+4920994729576
+4920994729577
+4920994729578
+4920994729579
+4920994729580
+4920994729581
+4920994729582
+4920994729584
+4920994729697
+4920994729698
+4920994729699
+4920994729800
+4921021452549
+4921021452553
+4921021452554
+4921021453958
+4921023075090
+4921027392002
+4921027392023
+4921027392025
+4921027392026
+4921027392060
+4921027392080
+4921027392081
+4921027392082
+4921027392083
+4921027392257
+4921027392258
+4921027392259
+4921027392260
+4921027392496
+4921027392542
+4921027392560
+4921027392561
+4921027392562
+4921027392563
+4921027392564
+4921027392643
+4921027392695
+4921027392701
+4921027392702
+4921027392703
+4921027392704
+4921027392705
+4921115760560
+49211274069572
+4921129889991
+4921129889992
+4921129889994
+49211298899995
+4921136189003
+4921136189116
+4921136870997
+4921136870999
+4921138788204
+4921138788209
+4921154256040
+492115469033
+492115469124
+492115469156
+492115469161
+492115469361
+492115469387
+492115469441
+4921156156001
+4921156156251
+4921156156254
+4921156156292
+4921173065800
+4921173065861
+4921173065868
+4921173065869
+4921173065872
+4921173065873
+4921173065877
+4921173065878
+4921173065885
+4921173710022
+49211737100282
+4921173710112
+49211737101525
+4921173710153
+49211737101532
+49211737101545
+4921173710155
+4921173710158
+4921174075500
+492117407554
+4921174075544
+4921174075545
+4921174075553
+4921174075554
+4921174075590
+4921174075591
+4921174075592
+4921181978310
+4921181978312
+4921181978314
+4921186089355
+4921190020111
+4921195075750
+4921195586802
+4921195586807
+4921195586808
+4921195586812
+4921195586813
+4921195586814
+4921195586819
+4921195586820
+4921195586821
+4921195586822
+4921195586823
+4921195586824
+4921195586825
+4921195586826
+4921195586827
+4921195586828
+4921195586829
+4921195586830
+4921195586832
+4921195586833
+4921195586850
+4921195588015
+4921195588050
+4921195588082
+4921195588086
+4921195588096
+4921195588785
+4921195588786
+4921195588918
+4921195588941
+4921195588967
+4921195588968
+4921195588969
+4921195588970
+4921195588971
+4921195588972
+4921195588973
+4921195588981
+4921195588982
+4921195588983
+4921195589343
+4921195589356
+4921195589357
+4921195589359
+4921195589362
+4921195589363
+4921195589364
+4921195589365
+4921195589366
+4921195589367
+4921195589369
+4921195589371
+4921195589372
+4921195589373
+4921195589374
+4921195589375
+4921195589377
+4921195589378
+4921195589379
+4921195589381
+4921195589382
+4921195589383
+4921195589384
+4921195589385
+4921195589386
+4921195589387
+4921195589388
+4921195589389
+4921195589391
+4921195589392
+4921195589393
+4921195589394
+4921195589395
+4921195589396
+4921195589399
+4921195589520
+4921195589522
+4921195589523
+4921195589524
+4921195589534
+4921195589594
+4921195589627
+4921195589754
+4921195778190
+4921195778681
+49211987099012
+49211987099013
+49211987099014
+4921198709906
+4921198709908
+4921198709909
+4921198709913
+4921198709914
+4921198709917
+4921198709990
+4921198709991
+4921198709992
+4921198709993
+4921198709996
+4921199331459
+4921314018180
+4921314018192
+4921315269125
+4921315989791
+4921315989793
+4921315989794
+4921315989796
+4921315989797
+4921315989798
+4921315989799
+4921315989801
+4921315989802
+4921315989803
+4921315989804
+4921315989805
+4921315989806
+4921315989807
+4921315989808
+4921315989809
+4921315989810
+4921315989811
+4921315989812
+4921315989813
+4921315989814
+4921315989817
+4921315989819
+4921315989822
+4921315989823
+4921315989826
+4921315989827
+4921315989830
+4921315989836
+4921315989842
+4921315989861
+4921315989870
+4921315989871
+4921315989872
+4921315989873
+4921315989874
+4921315989875
+4921315989876
+4921315989877
+4921315989878
+4921315989879
+4921315989881
+4921317084245
+4921317084270
+4921317084290
+4921317511724
+4921332463446
+4921332463447
+4921483263050
+4921483263062
+4921483263116
+4921483263120
+4921483263128
+4921483263145
+4921483263153
+4921483263241
+4921483263248
+4921483263271
+4921483263309
+4921483263326
+4921483263910
+4921483263915
+4921483263921
+4921483263925
+4921483263935
+4921483263941
+4921483263942
+4921483263943
+4921483263949
+4921483263964
+4921483263982
+4921484011787
+4921514473466
+4921514543111
+4921519299511
+4921519299512
+4921519299513
+4921519299514
+4921519299515
+4921519299516
+4921519299517
+4921519299518
+4921519299519
+4921519299520
+4921519299521
+4921519299522
+4921519299523
+4921519299524
+4921519299525
+4921519299528
+4921519299541
+4921519299542
+4921519299543
+4921519299544
+4921519299548
+4921519299711
+4921519299719
+4921519299720
+4921519299721
+4921519299722
+4921519299723
+4921519299724
+4921519299725
+4921519299726
+4921519299727
+4921519299728
+4921519299767
+4921519299769
+4921519299775
+4921519299786
+4921519299790
+4921519299793
+4921519299801
+4921519299821
+4921519299826
+4921519299827
+4921519299834
+4921612777210
+4921612777997
+4921616829101
+4921616829106
+4921616848090
+4921616848092
+4921616848094
+4921616848095
+4921616848096
+4921616848097
+4921616848098
+4921616848099
+4921616848143
+4921616848145
+4921616848149
+4921616848150
+4921616848154
+4921616848156
+4921616848157
+4921616848158
+4921616848159
+4921616848162
+4921616848170
+4921616848171
+4921616848172
+4921616848173
+4921616848174
+4921616848176
+4921616848177
+4921616848178
+4921616848179
+4921616848180
+4921616848181
+4921616848183
+4921616848184
+4921616848185
+4921616848186
+4921616848187
+4921616848188
+4921616848189
+4921616848190
+4921616848191
+4921616848192
+4921616848193
+4921616848700
+4921616848701
+4921616848702
+4921616848704
+4921616848705
+4921616848706
+4921616848707
+4921616848708
+4921616848709
+4921616848711
+4921616848712
+4921616848713
+4921616848714
+4921616848715
+4921616848716
+4921616848717
+4921616848718
+4921618470467
+4921619039777
+4921619039778
+4921619039780
+4921619039781
+4921619039783
+4921619039784
+4921619039791
+4921619039800
+4921619039801
+4921619039802
+4921619039803
+4921619039804
+4921619039805
+4921619039806
+4921619039807
+4921619039808
+4921619039809
+4921619039810
+4921619039811
+4921619039812
+4921619039813
+4921619039814
+4921619039815
+4921619039816
+4921619039817
+4921619039818
+4921619039819
+4921619039920
+4921619039921
+4921619039922
+4921619039923
+4921619039924
+4921619039925
+4921619039926
+4921619039927
+4921619039928
+4921619039929
+4921619060280
+4921619060836
+4921619060882
+4921619060900
+4921619060904
+4921619060907
+4921619060943
+4921619060971
+4921619494413
+4921619494414
+4921619494430
+4921619494431
+4921619494432
+4921619494433
+4921619494434
+4921619494435
+4921619494436
+4921619494437
+4921619494438
+4921619494439
+4921619494440
+4921619494441
+4921619494442
+4921619494443
+4921619494444
+4921619494445
+4921619494446
+4921619494447
+4921619494448
+4921619494449
+4921662779701
+4921662779777
+4921662779779
+4921662779780
+4921662779781
+4921662779782
+4921662779783
+4921662779784
+4921662779785
+4921662779786
+4921662779787
+4921662779788
+4921662779789
+4921662779912
+4921662779922
+4921662779927
+4921662779928
+49216663419
+492166684020
+4921666840201
+4921666840203
+492166684021
+4921666840210
+4921666840211
+4921666840212
+4921666840213
+4921666840214
+4921666840215
+4921666840216
+4921666840217
+4921666840218
+4921666840219
+492166684022
+4921666840220
+4921666840221
+4921666840222
+4921666840223
+4921666840224
+4921666840225
+4921666840226
+4921666840227
+4921666840228
+4921666840229
+492166684023
+4921666840230
+4921666840231
+4921666840232
+4921666840233
+4921666840234
+4921666840235
+4921666840236
+4921666840237
+4921666840238
+4921666840239
+492166684024
+4921666840240
+4921666840241
+4921666840242
+4921666840243
+4921666840244
+4921666840245
+4921666840246
+4921666840247
+4921666840248
+4921666840249
+492166684025
+4921666840250
+4921666840251
+4921666840252
+4921666840253
+4921666840254
+4921666840255
+4921666840256
+4921666840257
+4921666840258
+4921666840259
+492166684026
+4921666840260
+4921666840261
+4921666840262
+4921666840263
+4921666840264
+4921666840265
+4921666840266
+4921666840267
+4921666840268
+4921666840269
+492166684027
+4921666840270
+4921666840271
+4921666840272
+4921666840273
+4921666840274
+4921666840275
+4921666840276
+4921666840277
+4921666840278
+4921666840279
+492166684028
+4921666840280
+4921666840281
+4921666840282
+4921666840283
+4921666840284
+4921666840285
+4921666840286
+4921666840287
+4921666840288
+4921666840289
+492166684029
+4921666840290
+4921666840291
+4921666840292
+4921666840293
+4921666840294
+4921666840295
+4921666840296
+4921666840297
+4921666840298
+4921666840299
+4921666842511
+4921666842524
+4921666842526
+4921666842535
+4921666842537
+4921666842540
+4921666842543
+4921666842548
+4921666842564
+4921666842565
+4921666842590
+492166684620
+4921666846200
+4921666846202
+4921666846203
+4921666846209
+492166684621
+4921666846211
+4921666846212
+4921666846213
+4921666846214
+4921666846215
+4921666846217
+4921666846219
+4921666846221
+4921666846222
+4921666846223
+4921666846224
+4921666846226
+4921666846227
+492166684623
+4921666846230
+4921666846233
+4921666846235
+4921666846237
+4921666846238
+4921666846239
+4921666846240
+4921666846242
+4921666846243
+4921666846247
+4921666846248
+4921666846249
+4921666846250
+4921666846252
+4921666846253
+4921666846255
+4921666846257
+492166684626
+4921666846260
+4921666846261
+4921666846262
+4921666846263
+4921666846264
+4921666846265
+4921666846266
+4921666846267
+4921666846268
+4921666846269
+492166684627
+4921666846270
+4921666846271
+4921666846272
+4921666846273
+4921666846274
+4921666846275
+4921666846277
+4921666846278
+4921666846279
+4921666846280
+4921666846281
+4921666846282
+4921666846283
+4921666846284
+4921666846285
+4921666846288
+4921666846289
+492166684629
+4921666846290
+4921666846292
+4921666846294
+4921666846296
+4921666846297
+4921666846298
+4921666846414
+4921666846420
+4921666846427
+4921666846431
+4921666846433
+4921666846443
+4921666846465
+4921666846474
+4921666846479
+4921666846496
+4921666846800
+4921666846805
+4921666846811
+4921666846814
+4921666846829
+4921666846839
+4921666846857
+4921666846871
+4921666846888
+4921666846889
+4921666846890
+4921666846897
+4921666846899
+4921666859910
+4921732654340
+4921738522759
+4921738522780
+4922035710644
+4922035710646
+4922035710648
+4922114569810
+4922120290085
+4922122695562
+4922129916144
+4922131092633
+4922146708600
+4922153000603
+4922157279365
+4922157279372
+4922157279376
+4922157279388
+4922165031584
+4922165054168
+4922179700400
+4922182826017
+4922182826024
+4922182826029
+4922182826037
+4922182826039
+4922182826053
+4922182826056
+4922182826057
+4922182826058
+4922182826066
+4922182826074
+4922182826077
+4922182826082
+4922182827409
+4922182827983
+4922182828393
+4922182828917
+4922182828931
+49221945760580
+49221945760581
+4922195673642
+492219602713028
+4922196718100
+4922198592364
+4922198880566
+4922198880702
+4922198880721
+4922327014016
+4922327014017
+4922327014055
+4922327014056
+4922327014057
+4922327014058
+4922327014068
+4922327014069
+4922327014071
+4922327017901
+4922327017902
+4922327019685
+49223339400
+4922735919809
+4922735919824
+4922735919826
+4922735919831
+4922735919833
+4922735919836
+4922735919839
+4922735919843
+4922735919847
+4922735919854
+4922735919856
+4922735919859
+4922735919860
+4922735919861
+4922735919862
+4922735919863
+4922735919864
+4922735919865
+4922735919866
+4922735919867
+4922735919868
+4922735919869
+4922735919870
+4922735919871
+4922735919872
+4922735919873
+4922735919874
+4922735919875
+4922735919876
+4922735919877
+4922735919878
+4922735919879
+4922735919880
+4922735919881
+4922735919882
+4922735919883
+4922735919884
+4922735919885
+4922735919886
+4922735919887
+4922735919888
+4922735919889
+4922735919891
+4922735919893
+4922735919895
+4922735919896
+4922735919899
+4922833814935
+4922833814948
+4922835092797
+4922838200650
+4922838200655
+4922838200658
+492284333112
+4922855005508
+4922855005560
+492285505000
+492287637756351
+49228763998323
+49228763998327
+4922890906085
+4922894897367
+4922896202924
+4922896495934
+4922896497743
+4923131526839
+4923149498867
+492314969046
+492314969189
+4923158698316
+492317257820
+4923197889918
+4923197889919
+4923198003983
+4923198003985
+4923198003986
+4923198819941
+4923231470800
+4923319754910
+4923329993346
+4923329993375
+4923329993376
+4923329993377
+4923329993378
+4923329993379
+49234414700944
+492345074289
+4923454572318
+492349447390
+4923495319012
+4923495709987
+4923497481348
+4923497481372
+4923497979050
+4923497979938
+4923497979940
+4923613879012
+4923613879014
+4923613879017
+4923622839791
+4923653800197
+4923653800198
+4923658770000
+4923658791163
+4923658791166
+4923811054755
+4923819769998
+4924141259706
+492418879390
+492418879430
+4924194580642
+4924213056000
+4924213056002
+4924213056003
+4924213056007
+4924213056008
+4924213056011
+4924213056016
+4924213056018
+4924213056021
+4924213056026
+4924213056029
+4924213056030
+4924213056047
+4924213056048
+4924213056056
+4924213056063
+4924213056069
+4924213056074
+4924213056078
+4924213056082
+4924213056086
+4924213056089
+4924213056090
+4924213056095
+4924213056100
+4924213056101
+4924213056102
+4924213056103
+4924213056104
+4924213056105
+4924213056106
+4924213056108
+4924213056109
+4924213056110
+4924213056112
+4924213056113
+4924213056114
+4924213056115
+4924213056401
+4924213056407
+4924213056416
+4924213056417
+4924213056419
+4924213056422
+4924213056426
+4924213056429
+4924213056430
+4924213056432
+4924213056441
+4924213056445
+4924213056450
+4924213056451
+4924213056452
+4924213056453
+4924213056454
+4924213056456
+4924213056465
+4924213056467
+4924213056468
+4924213056470
+4924213056471
+4924213056472
+4924213056473
+4924213056478
+4924213056493
+4924213056494
+4924213056497
+4924213056498
+4924213056801
+4924213056802
+4924213056803
+4924213056808
+4924213056809
+4924213056812
+4924213056815
+4924213056817
+4924213056821
+4924213056824
+4924213056826
+4924213056828
+4924213056830
+4924213056831
+4924213056833
+4924213056842
+4924213056843
+4924213056844
+4924213056846
+4924213056859
+4924213056862
+4924213056865
+4924213056867
+4924213056868
+4924213056870
+4924213056872
+4924213056874
+4924213056875
+4924213056877
+4924213056881
+4924213056886
+4924213056887
+4924213056890
+4924213056895
+4924213056896
+4924213887300
+4924213887302
+4924213887304
+4924213887307
+4924213887309
+4924213887313
+4924213887320
+4924213887321
+4924213887322
+4924213887326
+4924213887327
+4924213887330
+4924213887331
+4924213887332
+4924213887334
+4924213887335
+4924213887337
+4924213887342
+4924213887346
+4924213887352
+4924213887353
+4924213887354
+4924213887355
+4924213887357
+4924213887360
+4924213887380
+4924213887381
+4924213887383
+4924213887392
+49242150692001
+49242150692006
+49242150692007
+49242150692008
+49242150692015
+49242150692017
+49242150692020
+49242150692024
+49242150692027
+49242150692030
+49242150692031
+49242150692032
+49242150692033
+49242150692034
+49242150692036
+49242150692040
+49242150692042
+49242150692043
+49242150692044
+49242150692046
+49242150692048
+49242150692050
+49242150692053
+49242150692062
+49242150692064
+49242150692070
+49242150692072
+49242150692073
+49242150692074
+49242150692077
+49242150692079
+49242150692080
+49242150692082
+49242150692086
+49242150692088
+49242150692091
+49242150692093
+49242150692094
+49242150692096
+49242150692099
+4924732059210
+4924732059243
+4924732059245
+4924732059248
+4924732059255
+4924732059257
+4924732059258
+4924732059260
+4924732059261
+4924732059262
+4924732059266
+4924732059272
+4924732059276
+4924732059279
+4924732059280
+4924732059290
+4924732059295
+4924732059296
+4924732059297
+4924732059298
+49247360830000
+49247360830005
+49247360830007
+49247360830013
+49247360830017
+49247360830019
+49247360830021
+49247360830025
+49247360830029
+49247360830032
+49247360830034
+49247360830039
+49247360830041
+49247360830053
+49247360830064
+49247360830065
+49247360830066
+49247360830068
+49247360830078
+49247360830080
+49247360830081
+49247360830082
+49247360830083
+49247360830084
+49247360830085
+49247360830087
+49247360830094
+49247360830095
+49247360830097
+49247360830099
+4924739469872
+4924739469873
+4924739469874
+4924739469875
+4924739469876
+4924739469877
+4924739469878
+4924739469879
+4924739469880
+4924739469881
+4924739469882
+4924739469884
+4924739469885
+4924739469886
+4924739469894
+4924739469896
+4924739469902
+4924739469906
+4924739469907
+4924739469910
+4924739469912
+4924739469918
+4924739469922
+4924739469924
+4924739469925
+4924739469926
+4924739469927
+4924739469929
+4924739469931
+4924739469939
+4924739469940
+4924739469943
+4924739469945
+4924739469952
+4924739469956
+4924739469957
+4924739469963
+4924739469965
+4924739469966
+4924739469967
+4924739469968
+4924739469969
+4924739469972
+4925159684990
+4925189920322
+4925189920371
+4925189920372
+4925196289972
+4925719588820
+4925968873999
+49261892131
+49261892139
+49261892473
+4926189999396
+4926189999397
+4926189999602
+4928133747963
+4928133747965
+4928133747966
+4928133747968
+4928133747971
+4928213949801
+4928213949802
+4928213949803
+4928217853011
+4928227849830
+4928227849831
+4928227849832
+4928227849847
+4928227849848
+4928227849849
+4928227849850
+4928227849851
+4928227849852
+4928227849853
+4928227849854
+4928227849855
+4928227849857
+4928227849858
+4928227849859
+4928227849861
+4928227849864
+4928227849865
+4928227849866
+4928227849867
+4928227849868
+4928227849869
+4928227849871
+4928227849872
+4928227849873
+4928227849874
+4928227849876
+4928343009923
+4928713494795
+493012030000
+4930130049817
+4930130049940
+4930166354491
+4930166354493
+4930166355000
+4930166355003
+4930166355005
+4930166355008
+493016636341
+493016639171
+4930200794853
+493020200170
+493020200171
+493020200172
+493020200173
+493020200174
+493020200175
+493020200176
+493020200177
+493020200178
+493020200179
+493020200300
+493020200301
+493020200302
+493020200303
+493020200304
+493020200305
+493020200306
+493020200351
+493020200353
+493020200354
+493020200355
+493020200356
+493020200357
+493020200358
+493020200359
+493020200361
+493020200363
+493020200364
+493020200367
+493020200369
+493020200370
+493020200371
+493020200372
+493020200373
+493020200374
+493020200375
+493020200376
+493020200377
+493020200378
+493020200379
+493020200380
+493020200384
+493020200385
+493020200386
+493020200387
+493020200388
+493020200392
+493020200393
+493020200394
+493020200395
+493020200396
+493020200397
+493020200398
+493020200399
+493020200400
+493020200411
+493020200412
+493020200413
+493020200414
+493020200415
+493020200416
+493020200417
+493020200418
+493020200419
+493020200420
+493020200421
+493020200422
+493020200423
+493020200424
+493020200425
+493020200426
+493020200427
+493020200428
+493020200429
+493020200430
+493020200431
+493020200432
+493020200433
+493020200434
+493020200435
+493020200436
+493020200437
+493020200438
+493020200439
+493020200440
+493020200441
+493020200442
+493020200443
+493020200444
+493020200445
+493020200446
+493020200447
+493020200448
+493020200449
+493020200450
+493020200451
+493020200452
+493020200453
+493020200454
+493020200455
+493020200456
+493020200457
+493020200458
+493020200459
+493020200460
+493020200465
+493020200800
+493020200801
+493020200802
+493020200803
+493020200804
+493020200805
+493020200806
+493020200807
+493020200808
+493020200809
+493020200810
+493020200811
+493020200812
+493020200813
+493020200814
+493020200815
+493020200816
+493020200817
+493020200818
+493020200819
+493020200821
+493020200822
+493020200823
+493020200824
+493020200825
+493020200826
+493020200827
+493020200828
+493020200829
+493020200883
+493020200884
+493020200889
+4930206142015
+4930206142031
+493020848498
+493020848499
+493020848986
+4930209953220
+4930209953682
+4930209953689
+4930209953698
+49302178299026
+493021923506
+493021926952
+493022013633
+493022389728
+493022954045
+49302332693785
+4930234562500
+4930235978689
+4930235978695
+4930243011361
+493025557370
+493025557371
+493025557372
+493025557375
+493025557376
+493025557377
+493025557380
+493025557381
+493025557382
+493025557383
+493025557384
+493025557385
+493025557387
+493025557388
+493025557389
+493025559894
+4930257708245
+4930257708246
+4930257709808
+493027595979154
+493027595979497
+49302902116905
+493029036397
+493029036401
+493029036404
+493029037260
+493030015179
+493030015182
+49303001540813
+49303001540865
+493030015893
+493033074791
+493033074793
+493033074799
+493033074800
+493033074801
+493033074802
+493033074803
+493033074805
+4930330748060
+4930330748061
+493033074808
+493033074821
+4930330748401
+4930330748406
+4930330748453
+4930330748464
+4930330748476
+4930330748495
+4930330748520
+4930330748521
+4930330748522
+4930330748523
+4930330748524
+4930330748525
+4930330748526
+4930330748527
+4930330748528
+4930330748529
+4930330748591
+493033074885
+493033074904
+493033074905
+493033074907
+493033074941
+493033074952
+493033074953
+493033074954
+493033074955
+493033074957
+493033074958
+493033074959
+493033074960
+493033074966
+493033075000
+493033075004
+4930330750174
+4930330750200
+4930330750287
+4930330750288
+4930330750289
+4930330750290
+4930330750291
+4930330750292
+4930330750293
+4930330750294
+4930330750295
+4930330750296
+4930330750297
+4930330750298
+4930330750299
+493033075036
+493033075043
+4930330750472
+4930330750510
+4930330750514
+4930330750515
+4930330750516
+493033075059
+4930330750631
+4930330750633
+4930330750637
+493033075098
+493033075188
+493033075189
+4930330752090
+493033075218
+493033075247
+493033075366
+493033075861
+493033075865
+493033075866
+493033075868
+493033075869
+493033075872
+493033075873
+493033075874
+493033075876
+493033075877
+493033075896
+493033075897
+493033075898
+4930330759014
+4930330759040
+4930330759041
+4930330759042
+4930330759043
+4930330759044
+4930330759045
+4930330759046
+4930330759047
+4930330759048
+4930330759049
+4930330759050
+4930330759051
+4930330759077
+4930330759078
+4930330759079
+4930330759081
+4930330759082
+493033075911
+493033075912
+493033075914
+493033075915
+493033075917
+493033075918
+493033075924
+493033075925
+493033075927
+493033075928
+493033075929
+493033075930
+493033075931
+493033075933
+493033075936
+493033075937
+493033075939
+493033075940
+493033075941
+493033075942
+493033075944
+493033075945
+493033075947
+493033075949
+493033075951
+493033075952
+493033075953
+493033075954
+493033075956
+493033075957
+493033075958
+493033075959
+493033075960
+493033075964
+493033075966
+493033075967
+493033075970
+493033075971
+493033075972
+493033075974
+493033075978
+493033075979
+493033075983
+493033075984
+493033075985
+493033075988
+493033075989
+493033075990
+493033075991
+493033075992
+493033075993
+493033075994
+493033075995
+493033081874
+4930330832300
+493034060120
+493034075004
+493034649537
+493034655009
+493034655219
+493034655591
+493034655752
+493040059454
+493040517774
+493040517775
+493040517776
+493040739236
+493040739288
+493040739289
+493040739444
+493040739710
+493040739714
+493041733661
+493041735894
+493041737414
+493042430254
+493042431637
+493042431916
+493042431991
+493042432035
+493042433136
+493042433582
+493042433635
+493042434140
+493042434498
+493042434657
+493042434818
+493042434973
+493046690010
+493046690012
+493046690014
+493046690015
+493046690016
+493046690017
+493046690443
+493046690444
+493046690445
+493046690452
+493046690454
+493046690570
+493046690571
+493046690579
+493046690612
+493046690724
+493046690730
+493046690731
+493046690733
+493046690734
+493046690802
+493046690811
+493046690841
+493046691008
+493046691084
+493046691086
+493046691104
+493046691105
+493046691106
+493046691107
+493046699673
+493046699674
+493046699675
+493046699677
+493046699690
+493046699692
+493046699693
+493046699775
+493046699776
+493046699778
+493046699779
+4930499189809
+4930499189810
+493054448016
+4930544480205
+4930544480216
+4930544480228
+4930544480238
+4930544480243
+4930544480244
+4930544480247
+4930544480258
+4930544480259
+4930544480260
+4930544480273
+4930544480286
+4930544480294
+4930544480296
+4930544480299
+4930544480464
+4930544480478
+493054448060
+493054448061
+4930544480610
+4930544480611
+4930544480612
+4930544480613
+4930544480614
+4930544480615
+4930544480616
+4930544480617
+4930544480618
+4930544480619
+493054448062
+4930544480621
+4930544480622
+4930544480623
+4930544480624
+4930544480625
+4930544480626
+4930544480627
+4930544480628
+4930544480629
+4930544480630
+4930544480631
+4930544480632
+4930544480634
+4930544480635
+4930544480636
+4930544480637
+4930544480638
+4930544480639
+493054448064
+4930544480640
+4930544480641
+4930544480642
+4930544480643
+4930544480644
+4930544480645
+4930544480646
+4930544480647
+4930544480648
+4930544480649
+493054448065
+4930544480650
+4930544480651
+4930544480652
+4930544480653
+4930544480654
+4930544480655
+4930544480656
+4930544480657
+4930544480658
+4930544480659
+493054448066
+4930544480660
+4930544480661
+4930544480663
+4930544480664
+4930544480665
+4930544480667
+4930544480668
+4930544480669
+493054448067
+4930544480670
+4930544480671
+4930544480672
+4930544480673
+4930544480674
+4930544480675
+4930544480676
+4930544480677
+4930544480678
+4930544480679
+493054448068
+4930544480680
+4930544480681
+4930544480683
+4930544480684
+4930544480685
+4930544480686
+4930544480687
+4930544480689
+4930544480690
+4930544480691
+4930544480692
+4930544480694
+4930544480695
+4930544480696
+4930544480697
+4930544480698
+4930544480699
+4930544480714
+4930544486224
+493056795453
+493058890520
+4930707160002
+4930707160090
+493071075805
+493074761876
+493075421024
+493075422677
+493075423184
+493075423665
+493075424312
+493075424421
+493075424642
+493075425553
+493075425604
+493075425850
+493075425874
+493075438659
+493075668740
+493075670123
+493075670163
+493075670320
+493075670338
+493075670382
+493075670507
+493075671784
+493075673948
+493075675489
+493075675493
+493075675521
+493075675536
+493075675549
+493075675567
+493075675586
+493075675630
+493075675636
+493075675637
+493075675645
+493075675652
+493075675696
+493075675747
+493075675764
+493075675765
+493075675793
+493075675817
+493075675825
+493075675855
+493075675869
+493075675873
+493075675879
+493075675891
+493075675894
+493075675899
+493075675909
+493075675925
+493075675938
+493075675972
+493075675973
+493075675980
+493075675982
+493075676020
+493075676130
+493075676212
+493075676478
+493075676615
+493075676879
+493075676916
+493075676944
+493075676982
+493075677008
+493075677173
+493075677191
+493075677194
+493075677245
+493075677419
+493075677466
+493075677652
+493075677751
+493075678073
+493075678148
+493075678324
+493075678558
+493075678737
+493075678768
+493075678779
+493075679060
+493075679383
+493075679570
+493075679823
+493075936093
+493075938466
+493081451764
+493081686585
+493081686587
+493083791442
+493083797024
+493083797259
+493083798437
+493083799937
+4930863235451
+493086495386
+4930885984328
+4930885984474
+493091588249
+493091732903
+493092702859
+493092702864
+4930994049691
+4932211074534
+4932211076625
+4932211225580
+4932211225581
+4932211225584
+4932211225589
+4932211225593
+4932211225597
+4932211225598
+4932211225599
+4932212235587
+4932212239557
+4932212239937
+4932212248114
+4932212619923
+4932213000281
+4932213336236
+4932213336259
+4932221099450
+4932229991043
+4932229991182
+4933186780331
+4933186780338
+4933188519987
+49331885939933
+4933198392016
+4933755774000
+4933755774001
+4933755774002
+4933755774003
+4933755774004
+4933755774005
+4933755774007
+4933755774008
+4933755774009
+4933755774010
+4933755774011
+4933755774012
+4933755774013
+4933755774014
+4933755774015
+4933755774018
+4933755774019
+4933755774020
+4933755774021
+4933755774022
+4933755774024
+4933755774025
+4933755774026
+4933755774027
+4933755774028
+4933755774029
+4933755774031
+4933755774032
+4933755774033
+4933755774034
+4933755774035
+4933755774036
+4933755774039
+4933755774040
+4933755774041
+4933755774043
+4933755774044
+4933755774046
+4933755774047
+4933755774048
+4933755774049
+4933755774050
+4933755774052
+4933755774053
+4933755774055
+4933755774058
+4933755774060
+4933755774061
+4933755774062
+4933755774063
+4933755774064
+4933755774065
+4933755774066
+4933755774067
+4933755774068
+4933755774069
+4933755774070
+4933755774072
+4933755774073
+4933755774074
+4933755774075
+4933755774076
+4933755774077
+4933755774078
+4933755774079
+4933755774080
+4933755774081
+4933755774082
+4933755774083
+4933755774084
+4933755774085
+4933755774086
+4933755774087
+4933755774088
+4933755774089
+4933755774090
+4933755774091
+4933755774092
+4933755774093
+4933755774094
+4933755774095
+4933755774096
+4933755774097
+4933755774098
+4933755774099
+4933756709710
+4933756709713
+4933759598958
+4934021710485
+4934125040672
+4934125040673
+4934133173088
+49341478480
+4934186092305
+4934186092399
+4934198975241
+4934198975244
+4934198975245
+4934198975246
+4934198975247
+4934198975249
+4934198977460
+493419950162
+4934434732006
+4934434732010
+4934434732023
+4934434732024
+4934434732025
+4934434732026
+4934434732028
+4934434732032
+4934434732034
+4934434732035
+4934434732036
+4934434732037
+4934434732038
+4934434732039
+4934434732040
+4934434732041
+4934434732042
+4934434732044
+4934434732045
+4934434732046
+4934434732048
+4934434732049
+4934434732050
+4934434732051
+4934434732052
+4934434732053
+4934434732054
+4934434732055
+4934434732057
+4934434732058
+4934434732059
+4934434732060
+4934434732061
+4934434732062
+4934434732063
+4934434732064
+4934434732065
+4934434732066
+4934434732067
+4934434732068
+4934434732069
+4934434732072
+4934434732073
+4934434732074
+4934434732075
+4934434732076
+4934434732077
+4934434732078
+4934434732079
+4934434732080
+4934434732081
+4934434732082
+4934434732083
+4934434732084
+4934434732085
+4934434732086
+4934434732088
+4934434732089
+4934457914010
+4934522580517
+493452393345
+493452393347
+493452393360
+4934556465001
+4934556465006
+4934556465016
+4934556465024
+4934556465025
+4934556465026
+4934556465027
+4934556465028
+4934556465029
+4934556465030
+4934556465031
+4934556465033
+4934556465034
+4934556465037
+4934556465038
+4934556465039
+4934556465041
+4934556465042
+4934556465043
+4934556465044
+4934556465045
+4934556465046
+4934556465047
+4934556465048
+4934556465049
+4934556465050
+4934556465051
+4934556465052
+4934556465053
+4934556465054
+4934556465055
+4934556465056
+4934556465057
+4934556465058
+4934556465059
+4934556465060
+4934556465061
+4934556465062
+4934556465063
+4934556465064
+4934556465065
+4934556465066
+4934556465067
+4934556465068
+4934556465069
+4934556465070
+4934556465071
+4934556465072
+4934556465073
+4934556465074
+4934556465075
+4934556465076
+4934556465077
+4934556465078
+4934556465079
+4934556465080
+4934556465081
+4934556465082
+4934556465083
+4934556465084
+4934556465085
+4934556465086
+4934556465087
+4934556465088
+4934556465089
+493455702959900
+4934965169978
+4935188844477
+4935189248800
+4935189248802
+4935189248805
+4935189248809
+4935512166103
+4935586689710
+4935586689712
+4935586689714
+4935586689715
+4935586689716
+4935586689717
+4935586689718
+4935586689719
+4935586689724
+4935586689725
+4935586689726
+4935586689728
+4935586689729
+4935586689732
+4935586689733
+4935586689736
+4935586689737
+4935586689739
+4935586689741
+4935586689742
+4935586689744
+4935586689745
+4935586689746
+4935586689748
+4935586689749
+4935586689750
+4935586689752
+4935586689756
+4935586689757
+4935586689758
+4935586689759
+4935586689761
+4935586689763
+4935586689765
+4935586689766
+4935586689767
+4935586689768
+4935586689769
+4935586689771
+4935586689772
+4935586689773
+4935586689775
+4935586689780
+4935586689781
+4935586689784
+4935586689785
+4935586689787
+4935813298451
+4935813298452
+4935813298453
+4935813298454
+4935813298455
+4935813299473
+4935813299479
+4935818999000
+4935818999340
+4935818999342
+4936122642382
+493612624180
+4936138039578
+4936166390251
+4936175043801
+4936437402443
+493713824419
+4937165610963
+4937191909001
+4937191909002
+4938183894413
+4938183894451
+4938183894470
+4938183894552
+4938196909032
+4938196909043
+4938196909045
+4938196909048
+4938343450088
+4938343450238
+4938343913886
+4938343913887
+4938343913889
+4938343919651
+4938343919652
+4938539350673
+4939140210010001
+4939140210011000
+4939140210011001
+4939140210013000
+4939140210013001
+4939150687143
+4939201399043
+4939201399044
+49392013999994
+4939204738138
+493920473879
+493954575335
+4939831429141
+4939831429142
+4939831429143
+4939831429144
+4939831429147
+4939831429148
+4939831429149
+4939831429152
+4940209393326
+494021031378
+4940226302974
+4940226349800
+4940226349802
+4940226349803
+4940226349804
+4940226349805
+4940226349806
+4940226349808
+4940226349809
+4940228972340
+4940228972343
+4940228972345
+4940228972347
+4940228972348
+49402289918149
+49402289918163
+49402289918273
+4940228992703
+4940234624500
+4940234624501
+4940234624502
+4940234624503
+4940234624504
+4940234624505
+4940234624506
+4940234624508
+4940234624509
+4940234624510
+4940234624511
+4940234624512
+4940234624513
+4940234624515
+4940234624516
+4940234624517
+4940234624518
+4940234624519
+4940234624520
+4940234624521
+4940234624522
+4940234624523
+4940234624524
+4940234624525
+4940234624527
+4940234624528
+4940234624529
+4940234624530
+4940234624531
+4940234624532
+4940234624533
+4940234624534
+4940234624535
+4940234624536
+4940234624537
+4940234624538
+4940234624539
+4940234624540
+4940234624541
+4940234624542
+4940234624543
+4940234624544
+4940234624545
+4940234624546
+4940234624547
+4940234624548
+4940234624549
+4940234624550
+4940234624551
+4940234624552
+4940234624553
+4940234624554
+4940234624555
+4940234624556
+4940234624558
+4940234624559
+4940234624560
+4940234624561
+4940234624562
+4940234624563
+4940234624564
+4940234624565
+4940234624566
+4940234624567
+4940234624568
+4940234624569
+4940234624570
+4940234624571
+4940234624572
+4940234624573
+4940234624574
+4940234624575
+4940234624576
+4940234624577
+4940234624578
+4940234624579
+4940234624580
+4940234624581
+4940234624583
+4940234624584
+4940234624585
+4940234624586
+4940234624587
+4940234624588
+4940234624589
+4940234624590
+4940234624591
+4940234624592
+4940234624593
+4940234624594
+4940234624595
+4940234624596
+4940234624597
+4940234624598
+4940234624599
+4940238383622
+4940238383656
+4940238383657
+4940238383658
+4940253070002
+4940253070015
+4940253070016
+4940253070017
+4940253070018
+4940253070019
+4940253070128
+4940253070139
+4940285590001
+4940285590002
+4940285590003
+4940285590005
+4940285590006
+4940285590008
+4940285590009
+4940285590010
+4940285590011
+4940285590012
+4940285590013
+4940285590014
+4940285590016
+4940285590017
+4940285590018
+4940285590019
+4940285590022
+4940285590023
+4940285590024
+4940285590025
+4940285590026
+4940285590027
+4940285590028
+4940285590029
+4940285590030
+4940285590031
+4940285590032
+4940285590033
+4940285590034
+4940285590035
+4940285590036
+4940285590037
+4940285590038
+4940285590041
+4940285590042
+4940285590045
+4940285590046
+4940285590048
+4940285590050
+4940285590051
+4940285590052
+4940285590054
+4940285590056
+4940285590057
+4940285590058
+4940285590059
+4940285590060
+4940285590061
+4940285590062
+4940285590063
+4940285590064
+4940285590065
+4940285590067
+4940285590068
+4940285590069
+4940285590070
+4940285590071
+4940285590072
+4940285590073
+4940285590078
+4940285590079
+4940285590080
+4940285590082
+4940285590083
+4940285590084
+4940285590085
+4940285590086
+4940285590087
+4940285590088
+4940285590089
+4940285590090
+4940285590091
+4940285590093
+4940285590094
+4940285590095
+4940285590097
+4940285590098
+4940285590099
+4940285591041
+494028596000
+494029996009
+494029996071
+494029996072
+494029996073
+494029996103
+494029996107
+494029996124
+494029996207
+494029996208
+494030682586
+494030682588
+49403069850
+494033354883
+494033354913
+494033354953
+494033355083
+494033355376
+494033369450
+494033377172
+494033378103
+494033381006
+494033381348
+494033381638
+494041309571
+494041478722
+494046083069
+494046083082
+494046084128
+494046084364
+494046084378
+494046085130
+494046085425
+494046085563
+494046085598
+494046086010
+494046086011
+494046086012
+494046086014
+494046086017
+494046086019
+494046086023
+494046086024
+494046086026
+494046086027
+494046086028
+494046086029
+494046086030
+494046086031
+494046086032
+494046086034
+494046086035
+494046086036
+494046087062
+494046089121
+494046089189
+4940524717433
+4940524717434
+4940524717435
+4940524717439
+4940524787290
+4940524787291
+4940524787292
+4940524787293
+4940524787294
+4940524787295
+4940524787296
+4940524787297
+4940524787298
+4940524787299
+4940524793140
+4940524793143
+4940524793144
+4940524793146
+4940524793147
+494055444402
+494055553831
+494055555850
+494055556133
+494060020701
+494060025700
+494060025711
+4940604299432
+4940604299433
+4940604299434
+4940607739010
+4940607739011
+4940607739012
+4940607739014
+4940607739016
+4940607739017
+4940607739018
+4940607739019
+494064570097
+494064570743
+494064576001
+494064576060
+494064577313
+494064577476
+494064851705
+494064855882
+4940655800700
+4940655800702
+4940655800710
+4940655800715
+4940655800732
+4940655800734
+4940655800750
+4940655800766
+4940655800768
+4940655800778
+4940655800779
+4940655800781
+4940655800786
+4940655800788
+4940655800789
+4940655800790
+4940655800800
+4940655800801
+4940655800802
+4940655800803
+4940655800807
+4940655800808
+4940655800809
+4940655800811
+4940655800812
+4940655800813
+4940655800814
+4940655800815
+4940655800817
+4940655800818
+4940655800820
+4940655800821
+4940655800822
+4940655800823
+4940655800824
+4940655800826
+4940655800829
+4940655800833
+4940655800835
+4940655800836
+4940655800840
+4940655800842
+4940655800843
+4940655800846
+4940655800847
+4940655800850
+4940655800852
+4940655800854
+4940655800855
+4940655800857
+4940655800861
+4940655800863
+4940655800865
+4940655800867
+4940655800868
+4940655800869
+4940655800870
+4940655800872
+4940655800873
+4940655800875
+4940655800877
+4940655800881
+4940655800882
+4940655800884
+4940655800885
+4940655800886
+4940655800888
+4940655800889
+4940655800890
+4940655800891
+4940655800892
+4940655800893
+4940655800895
+4940655800896
+4940655800897
+4940655800898
+4940655800901
+4940655800903
+4940655800904
+4940655800909
+4940655800911
+4940655800912
+4940655800915
+4940655800916
+4940655800917
+4940655800925
+4940655800926
+4940655800927
+4940655800928
+4940655800930
+4940655800931
+4940655800935
+4940655800939
+4940655800942
+4940655800951
+4940655800952
+4940655800959
+4940655800961
+4940655800962
+4940655800964
+4940655800965
+4940655800967
+4940655800971
+4940655800976
+4940655800980
+4940655800983
+4940655800984
+4940655800988
+4940655800989
+4940655800990
+4940655800991
+4940655800992
+4940655800994
+4940655800996
+4940655800997
+4940655801120
+4940655801121
+4940655801122
+4940655801123
+4940655801124
+4940655801125
+4940655801126
+4940655801127
+4940655801128
+4940655801129
+4940655801160
+4940655801161
+4940655801162
+4940655801163
+4940655801164
+4940655801165
+4940655801166
+4940655801167
+4940655801168
+4940655801169
+4940655801175
+4940655801178
+4940655801180
+4940655801181
+4940655801182
+4940655801183
+4940655801184
+4940655801185
+4940655801186
+4940655801187
+4940655801188
+4940655801189
+4940655801190
+4940655801191
+4940655801192
+4940655801193
+4940655801194
+4940655801195
+4940655801196
+4940655801197
+4940655801198
+4940655801199
+4940655801422
+4940655808051
+4940655808055
+4940655808070
+4940655808071
+494068876714
+494074302054
+494074302856
+494074303732
+494074306182
+494074307239
+494074307868
+4940756742157
+4940756742158
+4940756742170
+4940756742171
+4940756742172
+4940756742173
+4940756742174
+4940756742175
+4940756742176
+4940756742177
+4940756742178
+4940756742179
+4940756742180
+4940756742181
+4940756742310
+4940756742311
+4940756742313
+4940756742351
+4940756742364
+4940756742366
+4940756747800
+4940756747801
+4940756747802
+4940756747803
+4940756747804
+4940756747805
+4940756747820
+4940756747821
+4940756747822
+4940756747823
+4940756747824
+4940756747825
+4940756747840
+4940756747841
+4940756747842
+4940756747843
+4940756747844
+4940756747860
+4940756747861
+4940756747862
+4940756747863
+4940756747864
+4940756747880
+4940756747881
+4940756747882
+4940756747883
+4940756747884
+4940756747900
+4940756747910
+4940756748090
+4940756748100
+4940756748200
+4940756748202
+4940756748203
+4940756748205
+4940756748206
+4940756748207
+4940756748208
+4940756748209
+4940756748210
+4940756748220
+4940756748221
+4940756748222
+4940756748223
+4940756748224
+4940756748225
+4940756748232
+4940756748237
+4940756748240
+4940756748241
+4940756748242
+4940756748243
+4940756748244
+4940756748245
+4940756748256
+4940756748257
+4940756748260
+4940756748261
+4940756748262
+4940756748263
+4940756748264
+4940756748277
+4940756748278
+4940756748279
+4940756748280
+4940756748281
+4940756748282
+4940756748283
+4940756748284
+4940756748294
+4940756748295
+4940756748296
+4940756748297
+4940756748298
+4940756748299
+4940756748512
+4940756748513
+4940756748522
+4940756748610
+4940756748711
+4940808044600
+4940808057653
+4940808162676
+4940808162782
+4940808162841
+4940853753399
+494085537005
+494085538935
+494085538965
+494085597776
+494085597777
+494085597778
+494085597779
+494085597781
+4940855977820
+4940855977821
+4940855977822
+4940855977823
+4940855977824
+4940855977825
+4940855977826
+4940855977827
+4940855977828
+4940855977829
+4940855977850
+4940855977851
+4940855977852
+4940855977853
+4940855977854
+4940855977855
+4940855977856
+4940855977857
+4940855977858
+4940855977859
+4940855977890
+4940855977891
+4940855977892
+4940855977893
+4940855977894
+4940855977895
+4940855977896
+4940855977897
+4940855977898
+4940855977899
+494085597810
+494085597811
+494085597816
+494085597817
+494085597818
+494085597819
+494085597820
+494085597821
+494085597822
+494085597824
+494085597832
+494085597834
+494085597835
+494085597836
+494085597837
+494085597839
+4940855978401
+4940855978440
+494085597851
+494085597852
+494085597853
+494085597855
+494085597856
+494085597857
+494085597858
+494085597859
+494085597860
+494085597861
+494085597862
+494085597863
+494085597864
+494085597865
+494085597867
+494085597868
+494085597869
+4940855978700
+4940855978701
+4940855978702
+4940855978703
+4940855978704
+4940855978705
+4940855978706
+4940855978707
+4940855978708
+4940855978709
+4940855978730
+4940855978731
+4940855978732
+4940855978733
+4940855978734
+4940855978735
+4940855978736
+4940855978737
+4940855978738
+4940855978739
+4940855978741
+4940855978742
+4940855978743
+4940855978744
+4940855978745
+4940855978746
+4940855978747
+4940855978748
+4940855978749
+4940855978750
+4940855978751
+4940855978752
+4940855978753
+4940855978754
+4940855978755
+4940855978756
+4940855978757
+4940855978758
+4940855978759
+4940855978760
+4940855978761
+4940855978762
+4940855978763
+4940855978764
+4940855978765
+4940855978766
+4940855978767
+4940855978768
+4940855978769
+4940855978780
+4940855978781
+4940855978782
+4940855978783
+4940855978784
+4940855978785
+4940855978786
+4940855978787
+4940855978788
+4940855978789
+4940855978790
+4940855978791
+4940855978792
+4940855978795
+4940855978796
+4940855978799
+494085597880
+494085597881
+494085597882
+494085597885
+494085597886
+494085597887
+494085597888
+494085597889
+494085597890
+494085597892
+494085597893
+494085597894
+494085597895
+494085597896
+494085597899
+494085597910
+494085597911
+494085597912
+494085597913
+4940855979402
+4940855979403
+4940855979404
+4940855979408
+4940855979409
+4940855979417
+4940855979418
+4940855979419
+4940855979420
+4940855979421
+4940855979422
+4940855979427
+4940855979428
+4940855979433
+4940855979434
+4940855979435
+4940855979437
+4940855979442
+4940855979443
+4940855979444
+4940855979445
+4940855979447
+4940855979450
+4940855979452
+4940855979460
+4940855979461
+4940855979462
+4940855979466
+4940855979468
+4940855979472
+4940855979477
+4940855979480
+4940855979488
+4940855979489
+4940855979494
+494085597950
+494085597951
+494085597952
+494085597953
+494085597954
+494085597956
+494085597957
+494085597961
+494085597962
+494085597963
+494085597964
+494085597965
+494085597982
+494085597983
+494085598013
+494085598014
+494085598023
+494085598040
+494085598042
+494085598044
+494085598046
+494085598048
+4940855980520
+494085598060
+494085598066
+494085598069
+4940855980700
+4940855980704
+4940855980706
+4940855980707
+4940855980708
+4940855980709
+4940855980710
+4940855980714
+4940855980718
+4940855980720
+4940855980721
+4940855980722
+4940855980723
+4940855980724
+4940855980726
+4940855980727
+4940855980728
+4940855980729
+4940855980730
+4940855980731
+4940855980732
+4940855980733
+4940855980734
+4940855980735
+4940855980737
+4940855980738
+4940855980739
+4940855980741
+4940855980742
+4940855980743
+4940855980747
+4940855980748
+4940855980749
+4940855980751
+4940855980753
+4940855980754
+4940855980755
+4940855980756
+4940855980758
+4940855980762
+4940855980763
+4940855980765
+4940855980766
+4940855980767
+4940855980769
+4940855980771
+4940855980772
+4940855980777
+4940855980778
+4940855980780
+4940855980782
+4940855980783
+4940855980785
+4940855980786
+4940855980787
+4940855980789
+4940855980790
+4940855980791
+4940855980794
+4940855980795
+4940855980796
+4940855980797
+4940855980799
+494085598110
+494085598111
+494085598132
+4940855981418
+494085598152
+494085598175
+4940855981900
+4940855981904
+4940855981905
+4940855981906
+4940855981915
+4940855981916
+4940855981918
+4940855981925
+4940855981926
+4940855981929
+4940855981936
+4940855981939
+4940855981941
+4940855981943
+4940855981944
+4940855981947
+4940855981951
+4940855981952
+4940855981953
+4940855981954
+4940855981956
+4940855981957
+4940855981962
+4940855981965
+4940855981967
+4940855981971
+4940855981972
+4940855981976
+4940855981978
+4940855981982
+4940855981984
+4940855981990
+4940855981993
+4940855981995
+4940855981996
+4940855981998
+4940855981999
+4940855982140
+4940855982141
+4940855982142
+4940855982143
+4940855982144
+4940855982145
+4940855982146
+4940855982147
+4940855982148
+4940855982149
+494085598257
+494085598281
+4940855982851
+4940855983150
+4940855983155
+4940855983158
+4940855983159
+494085598326
+4940855983400
+4940855983410
+4940855983411
+4940855983456
+4940855983463
+4940855983466
+4940855983472
+4940855983473
+4940855983474
+4940855983482
+4940855983485
+4940855983490
+4940855983492
+4940855983494
+4940855983499
+494085598375
+494085598382
+4940855984250
+494085598506
+494085598729
+494085598730
+494085598732
+494085598737
+494085598738
+494085598739
+494085598910
+494085598926
+494085599
+494085599029
+494085599050
+4940855990700
+4940855990706
+4940855990712
+4940855990715
+4940855990716
+4940855990726
+4940855990734
+4940855990737
+4940855990754
+4940855990757
+4940855990760
+4940855990768
+4940855990777
+4940855990778
+4940855990782
+4940855990786
+4940855990793
+4940855990798
+4940855990799
+494085599121
+494085599122
+494085599123
+494085599124
+494085599127
+494085599128
+494085599140
+494085599141
+494085599142
+494085599143
+494085599144
+494085599145
+494085599146
+494085599149
+4940855991502
+4940855991507
+4940855991515
+4940855991516
+4940855991517
+4940855991518
+4940855991519
+4940855991520
+4940855991523
+4940855991525
+4940855991527
+4940855991532
+4940855991533
+4940855991538
+4940855991541
+4940855991542
+4940855991543
+4940855991549
+4940855991551
+4940855991560
+4940855991562
+4940855991563
+4940855991566
+4940855991571
+4940855991574
+4940855991578
+4940855991581
+4940855991593
+4940855991594
+4940855991595
+4940855991596
+4940855991597
+4940855991600
+4940855991602
+4940855991603
+4940855991604
+4940855991605
+4940855991606
+4940855991607
+4940855991611
+4940855991612
+4940855991700
+4940855991701
+4940855991702
+4940855991704
+4940855991705
+4940855991706
+4940855991707
+4940855991708
+4940855991709
+494085599173
+494085599174
+494085599175
+494085599179
+494085599220
+494085599221
+494085599222
+494085599223
+494085599224
+494085599225
+494085599226
+494085599227
+494085599228
+4940855992300
+4940855992301
+4940855992302
+4940855992304
+4940855992306
+4940855992307
+4940855992309
+4940855992310
+4940855992311
+4940855992312
+4940855992313
+4940855992314
+4940855992315
+4940855992318
+4940855992320
+4940855992322
+4940855992323
+4940855992324
+4940855992327
+4940855992329
+4940855992334
+4940855992335
+4940855992337
+4940855992338
+4940855992339
+4940855992341
+4940855992342
+4940855992343
+4940855992344
+4940855992345
+4940855992346
+4940855992349
+4940855992351
+4940855992353
+4940855992354
+4940855992355
+4940855992357
+4940855992358
+4940855992360
+4940855992361
+4940855992362
+4940855992363
+4940855992365
+4940855992366
+4940855992368
+4940855992369
+4940855992370
+4940855992371
+4940855992372
+4940855992373
+4940855992374
+4940855992375
+4940855992377
+4940855992378
+4940855992380
+4940855992386
+4940855992389
+4940855992390
+4940855992391
+4940855992396
+4940855992501
+4940855992504
+4940855992506
+4940855992507
+4940855992509
+4940855992510
+4940855992511
+4940855992538
+4940855992539
+4940855992545
+4940855992546
+4940855992547
+4940855992548
+4940855992549
+4940855992550
+4940855992551
+4940855992552
+4940855992553
+4940855992554
+4940855992555
+4940855992556
+4940855992557
+4940855992558
+4940855992559
+4940855992560
+4940855992561
+4940855992562
+4940855992563
+4940855992564
+4940855992565
+4940855992566
+4940855992567
+4940855992568
+4940855992645
+4940855992655
+494085599316
+4940855993809
+494085599427
+4940855994580
+4940855994583
+494085599490
+494085599498
+494085599531
+494085599630
+494085599655
+494085599661
+494085599683
+494085599690
+494085599704
+4940855997153
+4940855997154
+4940855997156
+4940855997157
+4940855997158
+4940855997159
+494085599724
+494085599748
+4940855997546
+494085599958
+49410662700260
+4941812016260
+4942136569581
+4942136569634
+4942136716673
+4942136716695
+494214391294
+4943122000062
+494313630397804
+494315116011
+494315116012
+494315116013
+494315116014
+494315116100
+494315116101
+494315116102
+494315116103
+494315116104
+494315116105
+494315116106
+494315116108
+494315116110
+494315116111
+494315116112
+494315116113
+494315116115
+494315116116
+494315116117
+494315116118
+494315116119
+494315116121
+494315116122
+494315116123
+494315116124
+494315116125
+494315116126
+494315116127
+494315116128
+494315116129
+494315116600
+494315116601
+494315116602
+494315116603
+494315116604
+494315116605
+494315116606
+494315116607
+494315116608
+494315116609
+494315116610
+494315116611
+494315116612
+494315116613
+494315116614
+494315116615
+494315116616
+494315116617
+494315116618
+494315116619
+494315116620
+494315116621
+494315116622
+494315116623
+494315116624
+494315116625
+494315116626
+494315116627
+494315116628
+494315116629
+494315116630
+494315116631
+494315116632
+494315116633
+494315116634
+494315116635
+494315116636
+494315116637
+494315116638
+494315116639
+494315116640
+494315116641
+494315116642
+494315116643
+494315116644
+494315116645
+494315116646
+494315116647
+494315116648
+494315116649
+494315116650
+494315116651
+494315116652
+494315116653
+494315116654
+494315116655
+494315116656
+494315116657
+494315116658
+494315116659
+494315116660
+494315116661
+494315116662
+494315116663
+494315116664
+494315116665
+494315116666
+494315116667
+494315116668
+494315116669
+494315116670
+494315116671
+494315116672
+494315116673
+494315116674
+494315116675
+494315116676
+494315116677
+494315116678
+494315116679
+494315116680
+494315116681
+494315116682
+494315116683
+494315116684
+494315116685
+494315116686
+494315116687
+494315116688
+494315116689
+494315116690
+494315116691
+494315116692
+494315116693
+494315116694
+494315116695
+494315116696
+494315116697
+494315116698
+494315116699
+4943154784055
+4943155098015
+4943180643699
+4943190700635
+4944135010809
+4944135010810
+4944135010816
+4944135010827
+4944135010839
+4944135021614
+4944199883003
+4944199883071
+49451160897638
+4945170343754
+4945170343894
+4945170369755
+4946116068650
+4946131801156
+49461505285733
+494618082103
+494618084983
+494618084985
+494618084986
+4946190279993
+4946190279994
+4946190279997
+4947150403962
+4947196279951
+4947196279952
+4947196279954
+4947196279955
+495066606452
+4951121241423
+4951121241489
+4951137000601
+495115151396141
+495115151396143
+4951171109020
+4951171109023
+4951171109026
+4951171109028
+4951195737883
+4951195737884
+4951195737885
+4951195737886
+4951195737887
+4951195737888
+4951195737889
+4951195737890
+4951195737892
+4951195737893
+4951195737894
+4951195737895
+4951195737897
+4951195737898
+4951195737899
+4951195739000
+4951195739001
+4951195739004
+4951195739005
+4951195739006
+4951195739007
+4951195739008
+4951195739009
+4951195739013
+4951195739014
+4951195739015
+4951195739016
+4951195739017
+4951195739018
+4951195739019
+4951195739020
+4951195739021
+4951195739022
+4951195739023
+4951195739024
+4951195739025
+4951195739026
+4951195739027
+4951195739028
+4951195739029
+4951195739030
+4951195739031
+4951195739032
+4951195739033
+4951195739034
+4951195739036
+4951195739037
+4951195739041
+4951195739042
+4951195739043
+4951195739044
+4951195739046
+4951195739047
+4951195739048
+4951195739049
+4951195739050
+4951195739051
+4951195739052
+4951195739053
+4951195739054
+4951195739055
+4951195739056
+4951195739057
+4951195739058
+4951195739059
+4951195739060
+4951195739061
+4951195739062
+4951195739063
+4951195739064
+4951195739065
+4951195739066
+4951195739068
+4951195739069
+4951195739070
+4951195739071
+4951195739072
+4951195739073
+4951195739074
+4951195739075
+4951195739076
+4951195739077
+4951195739078
+4951195739079
+4951195739080
+4951195739081
+4951195739082
+4951195739083
+4951195739084
+4951195739085
+4951195739086
+4951195739087
+4951195739088
+4951195739089
+4951195739090
+4951195739091
+4951195739092
+4951195739093
+4951195739097
+4951195739098
+4951195739099
+4951195739300
+4951195739302
+4951195739303
+4951195739304
+4951195739305
+4951195739306
+4951195739307
+4951195739308
+4951195739321
+4951195739322
+4951195739327
+4951195739330
+4951195739333
+4951195739334
+4951195739338
+4951195739340
+4951195739341
+4951195739342
+4951195739344
+4951195739346
+4951195739348
+4951195739350
+4951195739352
+4951195739354
+4951195739356
+4951195739358
+4951195739359
+4951195739360
+4951195739362
+4951195739365
+4951195739366
+4951195739367
+4951195739369
+4951195739381
+4951195739382
+4951195739385
+4951195739710
+49511999882840
+49511999882842
+4952112007789
+49521555646
+495219677261
+4952211729690
+4952218548176
+4952218549150
+4952218549151
+4952218549152
+4952218549153
+4952469051010
+4952469051102
+4952469051602
+4952469051830
+4952469052002
+4952469052302
+4952469052412
+495312058923
+4953124230328
+4953612219111
+4953612219115
+4953613892061
+4953613892062
+4953613892063
+4953613892064
+4953613892065
+4953613892067
+4953613892070
+4953613892071
+4953613892073
+4953613892075
+4953613892076
+4953613892077
+4953613892078
+4953613892079
+4953613892080
+4953613892081
+4953613892082
+4953613892083
+4953613892084
+4953613892085
+4953613892086
+4953613892087
+4953613892088
+4953613892089
+4953613892090
+4953613892091
+4953613892092
+4953613892093
+4953613892094
+4953613892095
+4953613892096
+4953613892097
+4953613892098
+4953613892099
+4953616529974
+4953653158010
+49536596155
+49540734410
+4954120089006
+4954120089044
+4954120089061
+4954120089066
+4954120089090
+4954120089220
+495413104986
+4954144440088
+4954144440089
+4954144440211
+4954158053230
+4954158053416
+4954196259144
+495612031552
+495612034339
+4957664179903
+4957664179912
+4957664179914
+4957664179921
+4957664179922
+4957664179923
+4957664179924
+4957664179928
+4957664179930
+4957664179931
+4957664179933
+4957664179934
+4957664179935
+4957664179937
+4957664179941
+4957664179942
+4957664179944
+4957664179946
+4957664179948
+4957664179952
+4957664179954
+4957664179958
+4957664179959
+4957664179962
+4957664179968
+4957664179975
+4957664179983
+4957664179987
+4957664179995
+4957664179998
+496021150415
+4960959946409
+4961039694969
+4961039694978
+4961124000579
+4961153312116
+4961153314499
+4961153314500
+4961195003199
+4961289854100
+4961314932045
+4961314932049
+4961314932250
+4961314932500
+4961314932502
+4961314932551
+4961314932552
+4961314932553
+4961314932554
+4961314932555
+4961314932556
+4961314932557
+4961314932558
+4961314932559
+4961314932560
+4961314932561
+4961314932562
+4961314932563
+4961314932564
+4961314932565
+4961314932566
+4961314932567
+4961314932568
+4961314932998
+4961314973730
+4961355521002
+4961355521012
+4961355521019
+4961355521023
+4961355521024
+4961355521025
+4961355521026
+4961355521027
+4961355521028
+4961355521029
+4961355521030
+4961355521031
+4961355521032
+4961355521033
+4961355521034
+4961355521035
+4961355521036
+4961355521037
+4961355521038
+4961355521039
+4961355521040
+4961355521041
+4961355521043
+4961355521044
+4961355521045
+4961355521046
+4961355521047
+4961355521048
+4961355521049
+4961355521050
+4961355521051
+4961355521052
+4961355521053
+4961355521054
+4961355521055
+4961355521056
+4961355521058
+4961355521059
+4961355521060
+4961355521061
+4961355521062
+4961355521063
+4961355521064
+4961355521065
+4961355521066
+4961355521067
+4961355521069
+4961355521071
+4961355521072
+4961355521073
+4961355521074
+4961355521075
+4961355521076
+4961355521077
+4961355521078
+4961355521079
+4961355521080
+4961355521081
+4961355521082
+4961355521083
+4961355521084
+4961355521085
+4961355521086
+4961355521087
+4961355521089
+4961427893529
+4961429523069
+4961429523072
+4961429523155
+4961429674999
+4961817074326
+4961817074346
+4961965738124
+4961965738125
+4961965738126
+4961965738127
+4961965738128
+4961965738129
+4961967569040
+4961967569041
+4961967569042
+4961967569044
+4961967569045
+4961967569047
+4961967569048
+4961967569049
+4961967569050
+4961967569051
+4961967569052
+4961967569053
+4961967569054
+4961967569055
+4961967569056
+4961967569058
+4961967569059
+4961967569060
+4961967569061
+4961967569062
+4961967569063
+4961967569064
+4961967569065
+4961967569066
+4961967569067
+4961967569068
+4961967569069
+4961967569071
+4961967569072
+4961967569073
+4961967569074
+4961967569075
+4961967569076
+4961967569079
+4961967569111
+4961967710144
+4961967710147
+4961967710149
+4961967715893
+4961967719002
+4961967719003
+4961967719004
+4961967719005
+4961967719006
+4961967719007
+4961967719008
+4961967719009
+4961967719072
+4961967719073
+4961967719074
+4961967719075
+4961967719079
+4961969233970
+4961969233985
+496211233450
+4962215107007
+4962215107009
+4962215107011
+4962215107054
+4962215107060
+4962215107061
+4962215107062
+4962215107065
+4962215107066
+4962215107067
+4962215107068
+4962215107069
+4962215107070
+4962215107071
+4962215107984
+4962215107989
+4962215107993
+4962217239895
+4962217239969
+4962217770012
+4962217770013
+4962217962700
+496252672325
+496252672339
+496252672385
+496252672411
+496252672412
+496252672414
+4963136702240
+4963137016442
+4963162799020
+4963173041001
+4963173041004
+4963173041016
+4963173041022
+4963173041024
+4963173041025
+4963173041027
+4963173041028
+4963173041029
+4963173041031
+4963173041033
+4963173041034
+4963173041035
+4963173041036
+4963173041037
+4963173041038
+4963173041039
+4963173041040
+4963173041041
+4963173041042
+4963173041044
+4963173041045
+4963173041046
+4963173041047
+4963173041048
+4963173041050
+4963173041051
+4963173041052
+4963173041053
+4963173041054
+4963173041056
+4963173041057
+4963173041058
+4963173041059
+4963173041060
+4963173041061
+4963173041062
+4963173041063
+4963173041064
+4963173041065
+4963173041066
+4963173041067
+4963173041068
+4963173041069
+4963173041070
+4963173041071
+4963173041072
+4963173041073
+4963173041074
+4963173041075
+4963173041076
+4963173041077
+4963173041078
+4963173041079
+4963173041081
+4963173041083
+4963173041084
+4963173041085
+4963173041086
+4963173041088
+4963173041089
+4963189058360
+4963189069720
+4963239563994
+496331533175
+496431294748
+4966196677002
+4966196677005
+4966196677009
+4966196677011
+4966196677020
+4966196677022
+4966196677023
+4966196677024
+4966196677025
+4966196677026
+4966196677027
+4966196677028
+4966196677029
+4966196677030
+4966196677031
+4966196677032
+4966196677033
+4966196677034
+4966196677035
+4966196677036
+4966196677037
+4966196677038
+4966196677039
+4966196677040
+4966196677041
+4966196677042
+4966196677043
+4966196677044
+4966196677046
+4966196677048
+4966196677049
+4966196677050
+4966196677051
+4966196677052
+4966196677053
+4966196677054
+4966196677055
+4966196677057
+4966196677058
+4966196677059
+4966196677060
+4966196677061
+4966196677062
+4966196677063
+4966196677064
+4966196677065
+4966196677066
+4966196677068
+4966196677069
+4966196677070
+4966196677071
+4966196677072
+4966196677074
+4966196677075
+4966196677076
+4966196677077
+4966196677078
+4966196677080
+4966196677081
+4966196677082
+4966196677083
+4966196677084
+4966196677086
+4966196677087
+4966196677088
+4966196677089
+4966196677104
+4966196677113
+4966196677120
+4966196677123
+4966196677124
+4966196677125
+4966196677126
+4966196677127
+4966196677128
+4966196677129
+4966196677130
+4966196677131
+4966196677132
+4966196677133
+4966196677137
+4966196677138
+4966196677139
+4966196677140
+4966196677141
+4966196677142
+4966196677143
+4966196677144
+4966196677145
+4966196677146
+4966196677147
+4966196677148
+4966196677149
+4966196677150
+4966196677151
+4966196677152
+4966196677153
+4966196677154
+4966196677156
+4966196677157
+4966196677158
+4966196677159
+4966196677160
+4966196677161
+4966196677162
+4966196677163
+4966196677164
+4966196677166
+4966196677168
+4966196677169
+4966196677170
+4966196677171
+4966196677172
+4966196677173
+4966196677175
+4966196677176
+4966196677177
+4966196677179
+4966196677180
+4966196677181
+4966196677182
+4966196677183
+4966196677184
+4966196677185
+4966196677186
+4966196677189
+4967184344024
+4967184344025
+4967184344026
+4967184344027
+4967184344028
+4967184344029
+4967184344030
+4967184344031
+4967184344033
+4967184344034
+4967184344035
+4967184344038
+4967184344039
+4967184344040
+4967184344041
+4967184344042
+4967184344043
+4967184344044
+4967184344045
+4967184344046
+4967184344047
+4967184344048
+4967184344049
+4967184344050
+4967184344051
+4967184344053
+4967184344054
+4967184344055
+4967184344056
+4967184344058
+4967184344060
+4967184344061
+4967184344062
+4967184344063
+4967184344064
+4967184344065
+4967184344066
+4967184344067
+4967184344068
+4967184344070
+4967184344071
+4967184344072
+4967184344073
+4967184344074
+4967184344075
+4967184344076
+4967184344077
+4967184344078
+4967184344079
+4967184344081
+4967184344082
+4967184344083
+4967184344084
+4967184344085
+4967184344086
+4967184344087
+4967184344088
+4967184344089
+4967184344091
+496814109520
+49681876203944
+4968193764926
+4968193784976
+4968259259982
+496912001188
+4969120066646
+4969120066650
+4969200914407
+4969200915566
+496920091789
+496920091815
+496920091832
+496920091849
+496920091867
+496920091869
+496920091872
+4969200940060
+4969200940061
+4969200940062
+4969200940063
+4969200940064
+4969200940065
+4969200940066
+4969200940067
+4969200940068
+4969200940069
+4969200940070
+4969200940071
+4969200940072
+4969200940073
+4969200940074
+4969200940075
+4969200940076
+4969200940077
+4969200940078
+4969200940079
+4969200940080
+4969200940081
+4969200940082
+4969200940083
+4969200940084
+4969200940085
+4969200940086
+4969200940087
+4969203030816
+4969203030971
+49692044600235
+49692044600336
+4969205690090
+4969205690091
+4969205690092
+4969205690093
+4969205690094
+4969205690095
+4969205690096
+4969205690097
+4969205690098
+4969205690099
+4969205690130
+4969205690131
+4969205690132
+4969205690133
+4969205690134
+4969205690135
+4969205690136
+4969205690146
+4969205690147
+4969205690148
+4969205690149
+4969205690166
+4969205690300
+4969205690314
+4969205690334
+4969205690335
+4969205690349
+4969205690421
+4969205690458
+496931090225
+496931090252
+496931090276
+496931090280
+496931090289
+496931090337
+496931090340
+496931090344
+496931090345
+496933398500
+496933398501
+496933398502
+496933398503
+496933398504
+496933398506
+496933398507
+496933398508
+496933398509
+4969342224
+4969380791447
+4969380791448
+4969380791449
+496938079897
+496950500105
+4969580007000
+4969580008000
+4969580008010
+49695899785134
+4969656067105
+4969656067108
+4969656067109
+496966102711
+496966966970
+496967773904
+496978036612
+4969825374
+4969870022900
+4969870022910
+496991014400
+4969935393214
+4969935393215
+496994321780
+496994759729
+4969949424150
+496995019629
+496995019693
+496995869500
+496996758011
+496998660551
+4969986611760
+4969986611761
+4969986611762
+4971120649615
+4971120649900
+4971120649901
+4971120649902
+4971120649903
+4971120649904
+4971120649905
+4971120649906
+4971120649907
+4971120649908
+4971120649909
+4971120649910
+4971120649911
+4971120649912
+4971120649913
+4971120649914
+4971120649915
+4971120649916
+4971120649917
+4971120649918
+4971120649919
+4971120649920
+4971120649921
+4971120649922
+4971120649923
+4971120649924
+4971120649925
+4971120649926
+4971120649927
+4971120649928
+4971120649929
+4971120649930
+4971120649931
+4971120649932
+4971120649933
+4971120649934
+4971120649935
+4971120649936
+4971120649937
+4971120649938
+4971120649939
+4971120649940
+4971120649941
+4971120649942
+4971120649943
+4971120649944
+4971120649945
+4971120649946
+4971120649947
+4971120649948
+4971120649949
+4971120649950
+4971120649951
+4971120649952
+4971120649953
+4971120649954
+4971120649955
+4971120649956
+4971120649957
+4971120649958
+4971120649959
+4971120649960
+4971120649961
+4971120649962
+4971120649963
+4971120649964
+4971120649965
+4971120649966
+4971120649967
+4971120649968
+4971120649969
+4971120649970
+4971120649971
+4971120649972
+4971120649973
+4971120649974
+4971120649975
+4971120649976
+4971120649977
+4971120649978
+4971120649979
+4971120649980
+4971120649981
+4971120649982
+4971120649983
+4971120649984
+4971120649985
+4971120649986
+4971120649987
+4971120649988
+4971120649989
+4971120649990
+4971120649991
+4971120649992
+4971120649993
+4971120649994
+4971120649995
+4971120649996
+4971120649997
+4971120649998
+4971120649999
+4971120709527
+4971132066223
+4971132066232
+4971172051160
+4971172051411
+4971172055328
+4971195969450
+4971195969470
+4971195969866
+4971195969867
+4971195969868
+4971195969881
+4971195969883
+4971195969884
+4971195969891
+4971195969892
+4971195969893
+4971195969896
+4971195969897
+4971195969898
+4971195969901
+4971196880320
+4971196880380
+4971196880502
+4971196880518
+4971196880552
+4971196880554
+4971196880555
+4971196880560
+4971196880561
+4971196880564
+4971196880566
+4971196880572
+4971196880573
+4971196880574
+4971196880576
+4971196880581
+4971196880585
+4971196880587
+4971196880600
+4971196880604
+4971196880607
+4971196880608
+4971196880612
+4971196880614
+4971196880623
+4971196882300
+4971196882302
+4971196882304
+4971196882305
+4971196882307
+4971196882310
+4971196882312
+4971196882313
+4971196882314
+4971196882315
+4971196882316
+4971196882317
+4971196882320
+4971196882322
+4971196882323
+4971196882330
+4971196882332
+4971196882335
+4971196882407
+4971196882408
+4971196882409
+4971196882412
+4971196882417
+4971196882418
+4971196882424
+4971196882426
+4971196882434
+4971196882437
+4971196882438
+4971196882442
+4971196882444
+4971196882445
+4971196882446
+4971196882447
+4971196882448
+4971196882450
+4971196882452
+4971196882453
+4971196882454
+4971196882476
+4971196882483
+4971196882486
+4971196882487
+4971196882491
+4971196882914
+4971196882917
+4971196882918
+4971196882921
+4971196882922
+4971196882928
+4971196882933
+4971196882953
+4971196882958
+4971196882964
+4971196882965
+4971196882967
+4971196882969
+4971196882971
+4971196882979
+4971196882980
+4971196882983
+4971196882984
+4971196882985
+4971198809567
+4971198809569
+4971198809582
+4971313829160
+4971561652382
+497161627030
+4971719594554
+4972118121000
+4972118122000
+4972118122001
+4972118122002
+4972118122004
+4972118122005
+4972118122010
+4972118122011
+4972118122012
+4972118122015
+4972118122016
+4972118122017
+4972118122021
+4972118122026
+4972118122027
+4972118122030
+4972118122041
+4972118122984
+4972118122986
+4972118122988
+4972162691542
+4972162691596
+4972756199757
+4973120793055
+4973192619001
+4973192619005
+4973192619013
+4973192619014
+4973192619023
+4973192619024
+4973192619025
+4973192619026
+4973192619027
+4973192619028
+4973192619029
+4973192619030
+4973192619031
+4973192619032
+4973192619033
+4973192619034
+4973192619035
+4973192619036
+4973192619037
+4973192619040
+4973192619041
+4973192619042
+4973192619043
+4973192619044
+4973192619045
+4973192619046
+4973192619047
+4973192619048
+4973192619049
+4973192619050
+4973192619051
+4973192619052
+4973192619053
+4973192619054
+4973192619055
+4973192619056
+4973192619057
+4973192619058
+4973192619059
+4973192619060
+4973192619061
+4973192619063
+4973192619064
+4973192619065
+4973192619066
+4973192619067
+4973192619068
+4973192619069
+4973192619070
+4973192619071
+4973192619072
+4973192619073
+4973192619074
+4973192619075
+4973192619077
+4973192619078
+4973192619079
+4973192619080
+4973192619081
+4973192619082
+4973192619083
+4973192619084
+4973192619085
+4973192619086
+4973192619087
+4973192619088
+4973194039753
+4973194039757
+4973194039760
+4973194039763
+4974315504538
+4974557884000
+4974557884010
+4974557884011
+4974557884012
+4974557884013
+4974557884014
+4974557884015
+4974557884016
+4974557884017
+4974557884018
+4974557884019
+4974557884020
+4974557884021
+4974557884022
+4974557884023
+4974557884024
+4974557884025
+4974557884026
+4974557884027
+4974557884028
+4974557884029
+4974557884030
+4974557884031
+4974557884032
+4974557884033
+4974557884034
+4974557884035
+4974557884036
+4974557884038
+4974557884041
+4974557884042
+4974557884043
+4974557884044
+4974557884045
+4974557884046
+4974557884047
+4974557884048
+4974557884049
+4974557884050
+4974557884063
+4974557884064
+4974557884065
+4974557884066
+4974557884067
+4974557884068
+4974557884069
+4974557884070
+4974557884071
+4974557884072
+4974557884073
+4974557884074
+4974557884075
+4974557884076
+4974557884077
+4974557884078
+4974557884079
+4974557884080
+4974557884081
+4974557884082
+4974557884084
+4974557884085
+4974557884087
+4974557884088
+4974557884089
+4974557884090
+4974557884131
+4974557884132
+4974557884133
+4974557884134
+4974557884135
+4974557884136
+4974557884137
+4974557884138
+4974557884139
+4974557884140
+4974557884182
+4974557884183
+4974557884184
+4974557884186
+4974557884187
+4974557884190
+4974557884460
+4976148900578
+497614964293
+4976163095060
+497819605230208
+497819605230209
+4978196098956
+4978215099929
+4978219739010
+4979194143009
+498000000719
+498000000798
+498000002659
+498000002983
+498000003737
+498000003738
+498000004701
+498000004796
+498000009140
+498000009141
+498000009142
+498000009144
+498000009146
+498000009201
+498000010694
+498000166737
+498000184272
+498001111600
+498001111700
+498001656503
+498001825126
+498001879979
+498002007591
+498002244300
+498003200500686
+498003202207
+498003251119
+498003300323
+498003300326
+498003300334
+498003301305
+498003301430
+498003301432
+498003301550
+498003301551
+498003301553
+498003301554
+498003301555
+498003305709
+498003308434
+498003308439
+498003311202
+498003311204
+498003311210
+498003311212
+498003311218
+498003330341
+498003330344
+498003400700297
+498003637248
+498003746582
+498003746584
+498004540207
+498004763805
+498005035008
+498005213240
+498005588448
+498005887797
+498006060805
+49800664894061
+49800664894062
+49800664894068
+49800664894072
+4980066677740
+498007234102
+498007243036
+498007244306
+498007246758
+498007246829
+498007246837
+498007246838
+498007733115
+498007733134
+498007733136
+498007733139
+498007733141
+498007733221
+498007799353
+49800799799156
+498008003436
+498008888790
+49803122012478
+4980429979331
+498118985980
+4981421305558
+4981712449933
+4981712449935
+4982144904200
+4982180830915
+4982190579077
+4982190789850
+4982190789861
+4982199949014
+4982383079980
+4982419769970
+4982419769972
+4982918580081
+4983174993039
+4986519042173
+4986544079442
+4986544079817
+4986544079900
+4986565453000
+4986565453001
+498718502470
+498912081755
+498912081775
+49891247111346
+49891247113728
+49891247114371
+4989125016250
+4989149021600
+4989200002600
+498921838822
+498924241124550
+498924241125
+498924241128
+498924416448
+4989255522050
+498926201080
+49892778491
+4989277849104
+4989277849115
+4989277849119
+4989286739600
+4989321215800
+498938030932
+498938030933
+498938030934
+498938030935
+498938030936
+498941209328
+498941434800
+498941435935
+4989427296418
+49894444222802
+49894444222803
+49894444222806
+49894444222807
+49894444316801
+49894444316803
+49894444316804
+49894444316805
+4989489299999
+49895306631
+498955113084
+498955113429
+4989558774141
+498962827717
+4989708091846
+4989708091850
+498989674354
+498989679
+4989896794
+498989679416
+498989679417
+498989679419
+4989896794300
+4989896794302
+4989896794304
+4989896794305
+4989896794307
+4989896794309
+4989896794310
+4989896794320
+4989896794321
+4989896794322
+4989896794324
+4989896794325
+4989896794326
+4989896794327
+4989896794328
+4989896794329
+4989896794330
+4989896794331
+4989896794332
+4989896794333
+4989896794334
+4989896794335
+4989896794336
+4989896794340
+4989896794341
+4989896794342
+4989896794343
+4989896794351
+4989896794406
+4989896794410
+4989896794413
+4989896794420
+4989896794421
+4989896794423
+4989896794424
+4989896794425
+4989896794426
+4989896794437
+4989896794441
+4989896794446
+4989896794447
+4989896794449
+4989896794452
+4989896794454
+4989896794455
+4989896794461
+4989896794462
+4989896794463
+4989896794466
+4989896794467
+4989896794470
+4989896794472
+4989896794474
+4989896794475
+4989896794476
+4989896794480
+4989896794481
+4989896794483
+4989896794485
+4989896794487
+4989896794488
+4989896794491
+4989896794492
+4989896794493
+4989896794494
+4989896794496
+4989896794497
+49898967946
+4989896794601
+4989896794616
+4989896794644
+4989896794646
+4989896794650
+4989896794651
+4989896794652
+4989896794653
+4989896794654
+4989896794655
+4989896794656
+4989896794657
+4989896794658
+4989896794659
+4989896794660
+4989896794661
+4989896794662
+4989896794663
+4989896794664
+4989896794665
+4989896794666
+4989896794667
+4989896794668
+4989896794669
+4989896794670
+4989896794671
+4989896794672
+4989896794673
+4989896794674
+4989896794675
+4989896794676
+4989896794677
+4989896794678
+4989896794679
+4989896794680
+4989896794681
+4989896794682
+4989896794683
+4989896794684
+4989896794685
+4989896794686
+4989896794687
+4989896794688
+4989896794689
+4989896794690
+4989896794691
+4989896794692
+4989896794693
+4989896794694
+4989896794695
+4989896794696
+4989896794697
+4989896794698
+4989896794699
+498989679482
+498989679483
+498989679484
+498989679485
+498989679486
+498989679488
+498989679489
+498989679535
+498989679536
+498989679537
+498989679538
+498989679539
+498989679564
+498989679565
+498989679566
+498989679567
+498989679568
+498989679585
+498989679586
+498989679588
+498989679592
+498989679595
+4989896795970
+4989896795971
+4989896795972
+4989896795973
+4989896795974
+4989896795975
+4989896795976
+4989896795977
+4989896795978
+4989896795979
+498989679598
+498989679599
+498989679612
+498989679613
+498989679615
+498989679616
+498989679617
+498989679622
+4989896796230
+4989896796231
+4989896796232
+4989896796234
+4989896796235
+4989896796237
+4989896796238
+4989896796239
+498989679624
+498989679627
+498989679629
+498989679646
+498989679659
+498989679783
+498999727962
+498999727963
+498999727996
+499112162728
+4991136061038
+4991147794587
+4991149680273
+499115399345
+4991170400002
+49911815093110
+49911815093112
+49911815093119
+49911815093126
+49911815093131
+49911815093136
+49911815093137
+49911815093149
+49911815093150
+49911815093155
+49911815093162
+49911815093184
+49911815093199
+49911815093200
+49911815093228
+49911815093237
+49911815093238
+49911815093241
+49911815093245
+49911815093248
+49911815093250
+49911815093251
+49911815093256
+49911815093257
+49911815093260
+49911815093274
+49911815093276
+49911815093278
+49911815093281
+49911815093284
+49911815093288
+49911815093292
+49911815093297
+4991181509398
+4991188185867
+4991188187473
+4991196959010
+4991196959024
+4991196959026
+4991319029419
+4991319235017071
+4991319235017072
+4992514646
+4993160016029
+4994138210061
+4994215333907
+4994219406440
+521177004050
+524424041444
+525511170801
+525543426518
+525544439997
+525548666184
+525585259264
+525585259271
+525585267052
+525588818472
+525589932572
+525590886425
+525592686281
+525592686977
+525596945896
+525597551595
+525598600231
+525598601517
+525598604479
+525598605069
+525598616707
+525598935165
+525598935450
+528121198956
+5286
+61870774863
+870517001439
+870517094153
+870517094471
+870517520378
+870517520526
+870517520999
+870522216150
+870522219811
+870522776723
+870522776774
+870523230112
+870523230398
+870523236251
+870523236672
+870535033150
+870535035471
+870553413448
+870583901263
+870583901506
+870583919448
+870585592439
+870585596153
+870585596471
+870586455439
+870586455506
+870593674811
+870593694150
+870593694899
+870767905303
+870771008716
+870771317307
+870773164696
+870773182531
+870773184696
+870773283569
+870773283983
+870773308641
+870773951745
+870776740303
